frequency_hz,hfss_s11_db,comsol_s11_db,delta_s11_db,hfss_s11_phase_deg,comsol_s11_phase_deg,delta_s11_phase_deg,delta_s11_complex,hfss_s21_db,comsol_s21_db,delta_s21_db,hfss_s21_phase_deg,comsol_s21_phase_deg,delta_s21_phase_deg,delta_s21_complex,hfss_s12_db,comsol_s12_db,delta_s12_db,hfss_s12_phase_deg,comsol_s12_phase_deg,delta_s12_phase_deg,delta_s12_complex,hfss_s22_db,comsol_s22_db,delta_s22_db,hfss_s22_phase_deg,comsol_s22_phase_deg,delta_s22_phase_deg,delta_s22_complex
1000000000.0,-29.46006946905292,-24.35159191388541,5.108477555167511,144.513386554487,146.57921327002074,2.0658267155337455,0.02699096880550861,-0.18886024467706775,-0.14366113377113385,0.0451991109059339,-112.891099168122,-114.11548774372096,-1.2243885755989652,0.021576691109510916,-0.18886024467706775,-0.1436595273169042,0.04520071736016354,-112.891099168122,-114.11548432236006,-1.224385154238064,0.021576679120344066,-29.524168265292076,-24.307114658203965,5.217053607088111,146.761436823046,144.80706587309786,-1.9543709499481565,0.02754331120105467
1050000000.0,-29.337252992085343,-24.374301106966474,4.962951885118869,139.755110645933,141.48713729941434,1.7320266534813413,0.026340219416016157,-0.19819799736506963,-0.15137991889582186,0.046818078469247765,-118.534080505776,-119.83321794414987,-1.2991374383738616,0.022841323721394646,-0.19819799736509727,-0.1513782403143411,0.04681975705075617,-118.534080505775,-119.83321539974145,-1.2991348939664533,0.022841327394074257,-29.399042453901124,-24.32926343706678,5.069779016834346,142.114984212641,139.58478972379538,-2.530194488845609,0.026935141815255043
1100000000.0,-29.258791844110217,-24.4487025614113,4.810089282698918,135.012358640099,136.44866364563927,1.4363050055402766,0.025504694517243083,-0.20752359420171645,-0.15910518610972452,0.04841840809199194,-124.177505012996,-125.55214218928265,-1.3746371762866545,0.024116084503039762,-0.207523594201752,-0.15910351341763151,0.048420080784120495,-124.177505012996,-125.5521404891254,-1.3746354761294128,0.024116101201981193,-29.317650254458407,-24.403523422952034,4.914126831506373,137.487513044502,134.40742848211298,-3.0800845623890325,0.026138442427105106
1150000000.0000002,-29.22528602197071,-24.57613100981774,4.649155012152971,130.294173076267,131.46862741765995,1.1744543413929591,0.024491029259225104,-0.21681914468940483,-0.16683289959780861,0.049986245091596215,-129.821512102992,-131.2723894893213,-1.4508773863293243,0.02540042840820378,-0.21681914468944835,-0.1668313010666084,0.04998784362283995,-129.821512102992,-131.27238849105228,-1.4508763880602942,0.025400454024064902,-29.28051252523236,-24.53130855496316,4.7492039702692,132.88895493957,129.27826877072664,-3.6106861688433582,0.025159509688078886
1200000000.0000002,-29.23775269210413,-24.75868581447548,4.47906687762865,125.60947810732802,126.55373242154857,0.9442543142205579,0.023306680234196124,-0.22607081389945588,-0.17456238980341748,0.0515084240960384,-135.466242993344,-136.9940921760478,-1.5278491827037897,0.026693882855487797,-0.22607081389950043,-0.17456091574768162,0.051509898151818806,-135.466242993344,-136.99409166375892,-1.527848670414926,0.02669391259457696,-29.28855069688558,-24.714823956323116,4.5737267405624635,128.329348650604,124.20207191109725,-4.127276739506755,0.02400551482502978
1250000000.0,-29.297662912642785,-24.99932000830711,4.2983429043356765,120.96751963443299,121.7131124513679,0.7455928169349022,0.0219599680173428,-0.23526850677773048,-0.18229627343455462,0.052972233343175856,-141.111838631933,-142.71738137537824,-1.605542743445227,0.02799599337596473,-0.23526850677777605,-0.18229495313883068,0.052973553638945375,-141.111838631932,-142.71738109260417,-1.6055424606721829,0.027996022355407726,-29.343115232260025,-24.9571668773195,4.385948354940524,123.81933428340702,119.18550851344818,-4.6338257699588326,0.02268452285174255
1300000000.0,-29.406997084982272,-25.301978492974186,4.105018592008086,116.37835922120499,116.9591430064067,0.5807837852017315,0.02046014777360932,-0.2444055295643091,-0.1900402850229918,0.054365244541317304,-146.758437805204,-148.44238283928365,-1.6839450340796418,0.02930627647414373,-0.2444055295643458,-0.19003912763991598,0.05436640192442982,-146.758437805204,-148.44238251023378,-1.6839447050297736,0.02930630001932291,-29.446029557399477,-25.262483157624356,4.183546399775121,119.37071727416199,114.2377918855597,-5.1329253886023025,0.021205528033363764
1350000000.0,-29.56832318471249,-25.67179989712284,3.896523287589652,111.853470375527,112.30863739440755,0.45516701888055877,0.018817521300017997,-0.25347824072378355,-0.1978030281506245,0.05567521257315905,-152.406175455867,-154.1692131513725,-1.763037695505517,0.030624178815275866,-0.25347824072381037,-0.19780202540860647,0.05567621531520389,-152.406175455867,-154.1692124912816,-1.7630370354146123,0.03062419253526223,-29.59965187824047,-25.636197909422556,3.9634539688179125,114.997156142383,109.37161867013604,-5.625537472246947,0.01957851115973843
1400000000.0000002,-29.784903686060247,-26.115404460325983,3.6694992257342633,107.406504094682,107.78464962651363,0.3781455318316205,0.01704362135587247,-0.2624857016282799,-0.20559565326370893,0.056890048364570955,-158.055181220697,-159.89797633313165,-1.8427951124346578,0.03194904250296312,-0.26248570162829876,-0.20559478229319958,0.05689091933509918,-158.055181220697,-159.8979750534667,-1.8427938327697007,0.03194904228273715,-29.80695818741396,-26.085350276979113,3.721607910434848,110.715048235247,104.60459890291416,-6.110449332332848,0.017814533114587854
1450000000.0000002,-30.06083962946777,-26.641301604205964,3.419538025261808,103.054322419824,103.4192652322914,0.36494281246740456,0.015151538865386841,-0.27142933496843946,-0.21343146936122828,0.05799786560721118,-163.705578185404,-165.6287608835078,-1.9231826981038012,0.0332800765802309,-0.2714293349684494,-0.21343069492139013,0.05799864004705926,-163.705578185404,-165.62875869760902,-1.9231805122050218,0.033280058599089966,-30.07165064949357,-26.619079849625386,3.452570799868184,106.544721775829,99.96149240121548,-6.5832293746135235,0.015925898706558857
1500000000.0,-30.401263704982554,-27.260466841435015,3.140796863547539,98.8184533436069,99.25805698583228,0.43960364222539283,0.013156562722487329,-0.28031259658569196,-0.2213254973929363,0.05898709919275566,-169.357481843109,-171.36163728650078,-2.0041554433917668,0.0346163350930958,-0.28031259658570096,-0.22132477352423577,0.05898782306146519,-169.357481843109,-171.36163391880845,-2.0041520756994373,0.03461629591898794,-30.39829611153469,-27.249341376659547,3.1489547348751437,102.512099238124,95.47782529142131,-7.034273946702683,0.013926471896368774
1550000000.0,-30.812598689776895,-27.9871583636759,2.8254403261009955,94.7272150062547,95.3674575146246,0.6402425083699086,0.011077578510321266,-0.2891406642204243,-0.22929397373569843,0.05984669048472585,-175.010999236185,-177.09665602304216,-2.0856567868571574,0.03595670217462889,-0.2891406642204243,-0.22929324523826367,0.059847418982160616,-175.010999236185,-177.09665122284895,-2.0856519866639474,0.03595663893934737,-30.792498858783965,-27.991973085336824,2.8005257734471414,98.651091906087,91.20597487526214,-7.445117030824861,0.011832351653486265
1600000000.0,-31.302902851094892,-28.84006220173328,2.4628406493616133,90.8189246991845,91.84746944420013,1.0285447450156084,0.008940557275355029,-0.2979201446508518,-0.2373538127976234,0.060566331853228406,179.33377174196,177.16615387586197,-2.167617866098027,0.03729988464438306,-0.2979201446508518,-0.23735301703081307,0.06056712762003874,179.33377174196,177.16616031702543,-2.167611424934563,0.03729979527341991,-31.26110772279302,-28.86832556187489,2.392782160918131,95.00714617354741,87.22589995770193,-7.781246215845499,0.009663516303813005
1650000000.0000002,-31.882328327646576,-29.843835385206546,2.0384929424400298,87.1469136663661,88.85462357690254,1.7077099105364368,0.006788836197059491,-0.30665879894690384,-0.2455220388556514,0.061136760091252434,173.676742908362,171.4267856976594,-2.249957210702604,0.0386444125883547,-0.30665879894690384,-0.24552110829377422,0.06113769065312963,173.676742908362,171.42679392667802,-2.2499489816839855,0.038644296049389903,-31.812444708935317,-29.907789894221754,1.9046548147135631,91.64263841190481,83.66515105920172,-7.977487352703093,0.007448524702551877
1700000000.0000002,-32.5637156282233,-31.030905953102167,1.5328096751211326,83.78764331146891,86.64564132611292,2.8579980146440107,0.004720826032449029,-0.31536528415769316,-0.25381519856190987,0.06155008559578329,168.017836235311,165.6852553048543,-2.332580930456686,0.039988648259767716,-0.31536528415769316,-0.2538140644166288,0.06155121974106437,168.01783623531,165.68526538807092,-2.332570847239083,0.039988504786893066,-32.45650643206716,-31.151738215468146,1.3047682165990118,88.6452947531033,80.73876064251832,-7.906534110584971,0.005241374020343686
1750000000.0,-33.36331579116355,-32.44235265361183,0.9209631375517233,80.8543337946213,85.6649388389253,4.810605044303998,0.003062399483639562,-0.32404890874996756,-0.2622487670741334,0.06180014167583414,162.356984193115,159.94160075209126,-2.4153834410237494,0.041330803456610554,-0.32404890874996756,-0.26224736407287463,0.06180154467709292,162.356984193115,159.94161266014794,-2.4153715329670717,0.04133063469586599,-33.20499493864641,-32.659383127467464,0.5456118111789436,86.1416398822664,78.83531341065472,-7.306326471611669,0.003205672292962823
1800000000.0,-34.30150167413889,-34.12214769937781,0.17935397476107795,78.5207368853179,86.72670422006584,8.205967334747925,0.00281526856084862,-0.33271939855537813,-0.27083656224342323,0.0618828363119549,156.694129998449,154.1958812469597,-2.4982487514893137,0.042668965270962804,-0.33271939855537813,-0.2708348343305227,0.06188456422485544,156.694129998449,154.1958948471052,-2.498235151343806,0.04266877429531148,-34.07078765246614,-34.51422921220644,-0.4434415597403003,84.318844037774,78.72013017537904,-5.598713862394959,0.002126294782034181
1850000000.0,-35.40287221776179,-36.079810020709374,-0.6769378029475845,77.0641280195695,91.37876084773072,14.314632828161223,0.004263194868624507,-0.3413866698786141,-0.27959018256593826,0.06179648731267584,151.029227768112,148.44817545137343,-2.581052316738578,0.04400112981689632,-0.3413866698786141,-0.27958808886565706,0.06179858101295704,151.029227768112,148.44819051111133,-2.5810372570006734,0.0440009209636946,-35.06581418336989,-36.81516277932075,-1.7493485959508632,83.4602265518313,82.05559438428473,-1.4046321675465663,0.0032430553772947544
1900000000.0000002,-36.693600987774495,-38.12758778952288,-1.4339868017483823,76.9449331820906,102.33998924844089,25.395056066350293,0.006327713165587991,-0.3500606067543604,-0.2885184854903734,0.061542121263987004,145.362242570298,142.69857913781584,-2.663663432482167,0.04532524322534847,-0.3500606067543604,-0.2885160054821383,0.06154460127222211,145.362242570298,142.6985953423018,-2.663647227996222,0.04532502173815998,-36.1946639782687,-39.5373828423261,-3.342718864057403,84.0004429047576,92.66733206102423,8.66688915626662,0.005314296650928514
1950000000.0000002,-38.188679114889055,-39.459634779765054,-1.2709556648759985,78.9510624991546,121.90226673015358,42.951204230999,0.008549602681240108,-0.35875084007859465,-0.29762712307564376,0.061123717002950884,139.693150358529,136.9472022346212,-2.745948123907823,0.04663924887412484,-0.3587508400786037,-0.2976242597187368,0.0611265803598669,139.693150358529,136.94721921728078,-2.745931141248235,0.04663902037958284,-37.4373665951588,-41.72711555718513,-4.28974896202633,86.5962349165376,116.81549361847563,30.21925870193803,0.007571496993761781
2000000000.0,-39.84552964826336,-38.93667090304297,0.9088587452203853,84.4110342718944,144.48789245339594,60.076858181501564,0.01079718086156982,-0.3674665274179395,-0.306918151713631,0.06054837570430849,134.021937767948,131.19416531589187,-2.827772452056138,0.047941139519491374,-0.3674665274179395,-0.3069149314938143,0.06055159592412518,134.021937767948,131.1941826980705,-2.8277550698774974,0.0479409094209329,-38.70829359484774,-41.01319178264676,-2.3048981877990187,92.146630666638,147.71665342055576,55.570022753917755,0.009852229738523293
2050000000.0000002,-41.42835213603245,-37.00989527001299,4.418456866019461,95.1775877088914,160.0537981012224,64.87621039233102,0.013015472133374187,-0.3762161336355587,-0.31638973162058964,0.05982640201496908,128.348601750286,125.43959561448007,-2.909006135805953,0.04922901271247055,-0.3762161336355668,-0.3163862011870009,0.05982993244856588,128.348601750286,125.43961304637308,-2.9089887039129394,0.04922878562436846,-39.78405790767283,-38.26852710801772,1.5155307996551102,101.482440013669,166.00207992114179,64.51963990747277,0.012100412764608477
2100000000.0,-42.31060384478497,-34.84871294322977,7.461890901555201,111.911098778599,167.68749707964452,55.776398301045504,0.015171593722130757,-0.38500721396585497,-0.32603592984121627,0.0589712841246387,122.67314902289301,119.68362265817412,-2.9895263647188983,0.05050112765629487,-0.38500721396585497,-0.3260321499232724,0.05897506404258257,122.67314902289301,119.68363985248895,-2.9895091704040624,0.05050090699742919,-40.282034800707976,-35.57870302982918,4.703331770878798,114.228376279573,173.1138109201229,58.885434640549875,0.01428435112359442
2150000000.0000005,-41.83965297040312,-32.911846238640614,8.927806731762509,130.27327519412,170.4362268831591,40.16295168903909,0.017240879972716512,-0.39384620271304227,-0.33584663766737977,0.057999565045662504,116.995595309018,113.92637364869478,-3.0692216603232225,0.05175596149933782,-0.3938462027130332,-0.33584267582122473,0.05800352689180849,116.995595309018,113.92639040077307,-3.0692049082449273,0.051755749313112394,-39.91332826025608,-33.36143340466889,6.551894855587193,127.653316574237,174.8312080684147,47.177891494177686,0.01638032472886504
2200000000.0,-40.30426069280818,-31.25996796018308,9.044292732625099,143.935760857907,170.44883364196906,26.513072784062047,0.019202511446481718,-0.40273821222700523,-0.34580760965157276,0.056930602575432476,111.3159643511,108.16796871776049,-3.1479956333395194,0.052992262991963246,-0.40273821222700523,-0.345803533688907,0.05693467853809825,111.3159643511,108.16798491099706,-3.1479794401029437,0.05299205997874677,-38.82468333094633,-31.55447241987597,7.270210911070357,138.408955844307,173.92294863514724,35.513992790840234,0.018368090677136493
2250000000.0,-38.459269635454596,-29.858981729501927,8.60028790595267,151.60983052818,168.87237970567628,17.262549177496282,0.021037929625579307,-0.41168684811309003,-0.35590062717794074,0.05578622093514929,105.63428668607,102.40851620239482,-3.225770483675177,0.05420910148135882,-0.41168684811309003,-0.3558965006758399,0.05579034743725014,105.63428668607,102.40853180276794,-3.225754883302045,0.05420890715970945,-37.41261914497383,-30.06124321018389,7.351375934789942,145.278865524407,171.6030621279279,26.324196603520903,0.02022939966320478
2300000000.0000005,-36.70625695561685,-28.6650697632589,8.041187192357953,155.006083315482,166.3178954005297,11.311812085047706,0.022730225280268544,-0.4206940476553983,-0.36610378521846004,0.054590262436938264,99.95059818119,96.64810808190234,-3.3024900992876667,0.05540590937635901,-0.4206940476553892,-0.3660996655863725,0.05459438206901668,99.9505981811901,96.648123128425,-3.3024750527650895,0.05540572225980958,-35.96768957936922,-28.80879577775278,7.15889380161644,148.827552807045,168.4529408029109,19.62538799586588,0.021947471461452307
2350000000.0,-35.15285493484781,-27.641631505860698,7.511223428987112,155.746422071749,163.12831793263263,7.381895860883617,0.02426391223333518,-0.42975994908897913,-0.3763918969745663,0.05336805211441281,94.26493834046,90.88681571235605,-3.378122628103938,0.05658251646152981,-0.42975994908897913,-0.37638783559072847,0.05337211349825066,94.26493834046,90.8868303098085,-3.3781080306515037,0.056582334161005096,-34.61828973941583,-27.746244526267596,6.872045213148233,150.000137995489,164.77912672468824,14.778988729199227,0.023506826036971445
2400000000.0000005,-33.80179587488837,-26.760616593005217,7.041179281883153,154.842240864057,159.50766054516512,4.665419681108119,0.025624865977836257,-0.4388827995728895,-0.38673700787716636,0.05214579169572314,88.5773484042725,85.12468598248806,-3.452662421784453,0.0577391747444893,-0.43888279957289056,-0.38673305119927215,0.05214974837361841,88.5773484042726,85.12470030002459,-3.4526481042479986,0.05773899395910531,-33.40297584461119,-26.838036605977692,6.5649392386334995,149.550549781798,160.75694473640908,11.206394954611085,0.024893259256396297
2450000000.0,-32.62995885882311,-26.000929214829792,6.6290296439933165,152.883774132861,155.58395558677947,2.700181453918475,0.026800334683248002,-0.44805890944907734,-0.3971090080616782,0.05094990138739913,82.8878692783366,79.36173800111462,-3.526131277221964,0.05887657282856946,-0.44805890944907734,-0.39710519848182746,0.05095371096724988,82.8878692783367,79.36175227646262,-3.52611700187407,0.05887638924965169,-32.324087826458786,-26.058875272116456,6.26521255434233,147.989346606403,156.49359119210027,8.504244585697279,0.026093879037706977
2500000000.0,-31.612016492197657,-25.346702935098456,6.265313557099201,150.221721305083,151.44144320681235,1.2197219017293435,0.02777898045252826,-0.45728265960057407,-0.407476330780984,0.04980632881959007,77.1965393409521,73.59796041204562,-3.598578928906477,0.05999583909494126,-0.45728265960056497,-0.407472706265808,0.04980995333475696,77.1965393409522,73.59797495806156,-3.598564382890629,0.059995647289527165,-31.372025146148545,-25.390408242241392,5.9816169039071525,145.650188751353,152.05835861789322,6.40816986654022,0.027097164956536517
2550000000.0000005,-30.726246736545875,-24.785951839306037,5.940294897239838,147.072851647606,147.13794085021922,0.0650892026132226,0.028550930600871785,-0.4665465674545223,-0.4178067230425657,0.04873984441195656,71.5033921898397,67.83330942118339,-3.6700827686563002,0.061098533207881035,-0.4665465674545223,-0.4178033150608263,0.04874325239369598,71.5033921898397,67.83332462943282,-3.670067560406892,0.06109832657402054,-30.53460418197219,-24.81910867943555,5.715495502536637,142.75272759841104,147.49824514716875,4.745517548757704,0.027893034031373214
2600000000.0,-29.955259700776907,-24.3095967899194,5.6456629108575065,143.577044457394,142.71470786433233,-0.8623365930616842,0.029107829162453126,-0.47584141544805847,-0.4280680736812571,0.04777334176680137,65.80845440009661,62.06770761097997,-3.7407467891166277,0.0621866256506114,-0.47584141544804937,-0.42806490343617265,0.047776512011876715,65.80845440009661,62.06772394685582,-3.7407304532407863,0.062186396532036996,-29.80032525118211,-24.334904754793065,5.465420496389044,139.444834155542,142.8465504300094,3.4017162744673897,0.02847290451790411
2650000000.0000005,-29.28544651539486,-23.9107788337243,5.374667681670559,139.828403050111,138.202319511365,-1.626083538746002,0.029442884178691956,-0.48515644364810867,-0.43822928278109174,0.046927160867016926,60.11174337277599,56.301043610494084,-3.8106997622818994,0.06326246514739266,-0.48515644364810867,-0.43822635623443634,0.04693008741367233,60.11174337277599,56.301061594974456,-3.810681777801534,0.06326220518031046,-29.15932838023189,-23.930277752935957,5.229050627295933,135.82880376181,138.1278824710855,2.2990787092755056,0.02882975413324995
2700000000.0,-28.706238601335883,-23.584378494915256,5.121860106420627,135.892792077386,133.62432523425,-2.2684668431359967,0.029550909211893545,-0.49447960577736566,-0.44826115462963173,0.04621845114773393,54.4132653584795,50.53317268221222,-3.8800926762672816,0.0643287339775738,-0.49447960577736566,-0.4482584571932897,0.046221148584075944,54.4132653584795,50.53319285725087,-3.880072501228625,0.0643284347079921,-28.60351538852028,-23.59965913618911,5.003856252331168,131.977434891149,133.36122819439265,1.3837933032436638,0.028958171636537088
2750000000.0,-28.209460411185955,-23.32668116864996,4.882779242535996,131.818111462812,128.99963244824917,-2.8184790145628256,0.02942835910329228,-0.503797885249477,-0.4581372941394721,0.04566059111000492,48.7130137417538,44.7639182777889,-3.949095463964909,0.06538839136806823,-0.503797885249477,-0.4581347861787874,0.045663099070689606,48.7130137417538,44.76394115488098,-3.9490725868728305,0.06538804513451874,-28.126400918961526,-23.339023896892023,4.787377022069503,127.94401967103701,128.56193577468974,0.6179161036527319,0.02885440214696973
2800000000.0000005,-27.78882432842607,-23.135147716675903,4.653676611750168,127.640557696114,124.3441396859252,-3.296418010188802,0.02907336081642167,-0.5130976650775383,-0.4678349840423987,0.045262681035139585,43.0109676696842,38.9930746012661,-4.01789306841809,0.06644460540210369,-0.5130976650775465,-0.46783259846098724,0.04526506661655927,43.0109676696842,38.99310059600568,-4.017867073678531,0.0664442064244087,-27.72290246189394,-23.14561743655296,4.577285025340981,123.768689570298,123.7430694267502,-0.025620143547797625,0.028516387494573824
2850000000.0,-27.439553591481477,-23.008263294069323,4.431290297412154,123.388595607117,119.67192606987719,-3.7166695372397953,0.028485740549585706,-0.5223651428151045,-0.4773360174120919,0.04502912540301257,37.307091101763,33.22041019844795,-4.086680903315056,0.067500674226684,-0.5223651428151137,-0.47733366049139814,0.045031482323715566,37.307091101763,33.22043955770219,-4.0866515440608,0.06750021978018002,-27.389144133437174,-23.017777381406155,4.371366752031019,119.48255378377401,118.91640227468014,-0.5661515090938565,0.027943803529835543
2900000000.0000005,-27.15810743220367,-22.945447328988063,4.212660103215608,119.085587993675,114.99618899111985,-4.0893990025551545,0.02766704834565733,-0.531586779147577,-0.4866274576140966,0.04495932153348042,31.6013323479222,27.445672563830126,-4.15565978409208,0.06855993778855522,-0.531586779147577,-0.48662501392963264,0.04496176521794437,31.6013323479222,27.445705295816932,-4.155627052105274,0.06855942928642615,-27.12229751853929,-22.954826881172327,4.167470637366964,115.11047982787899,114.09321220557067,-1.0172676223083386,0.027138096867417076
2950000000.0,-26.94198512005194,-22.947014757248283,3.994970362803656,114.751625616954,110.33006174417957,-4.4215638727744135,0.026620581291522862,-0.5407497664984657,-0.4957022960602531,0.04504747043821261,25.893624147795897,21.66859372182325,-4.225030425972648,0.06962568186768826,-0.5407497664984657,-0.4956996376528051,0.04505012884566062,25.893624147795897,21.668629542357674,-4.224994605438212,0.06962512563136058,-26.920464118493655,-22.957025945548374,3.9634381729452812,110.673028158084,109.28499469540868,-1.3880334626753097,0.02610252423604401
3000000000.0,-26.78959102132496,-23.01418419129974,3.7754068300252186,110.404883306211,105.68741544896956,-4.717467857241445,0.025351406219299707,-0.5498425021649727,-0.5045599775805236,0.045282524584449035,20.183884327208496,15.888896698862679,-4.294987628345808,0.07070103676369141,-0.549842502164983,-0.5045569766681572,0.04528552549682574,20.1838843272085,15.88893500770765,-4.294949319500859,0.07070044425940596,-26.782598036402888,-23.025574579100233,3.7570234573026546,106.187858449631,104.50418507749339,-1.683673372137605,0.024842198872300374
3050000000.0000005,-26.700147919309842,-23.149133554217578,3.5510143650922643,106.062710321764,101.08374533115231,-4.978964990611701,0.02386638278628227,-0.5588550491528521,-0.513206764125871,0.04564828502698115,14.4720170481105,10.106302758809937,-4.36571428930057,0.07178887358512621,-0.5588550491528604,-0.5132033076772555,0.04565174147560491,14.4720170481105,10.106342657453729,-4.365674390656778,0.07178826095847902,-26.70846673973157,-23.16266736631245,3.5457993734191184,101.670813377687,99.7649823156096,-1.9058310620773966,0.02336415107490856
3100000000.0,-26.673650003306108,-23.355108566173712,3.318541437132396,101.742600742965,96.53725874675747,-5.2053419962075225,0.02217418828535976,-0.5677795671263662,-0.5216559100846714,0.046123657041694854,8.757914646391532,4.320539229740937,-4.437375416650582,0.07289170161444554,-0.5677795671263651,-0.5216519137817217,0.046127653344643416,8.757914646391502,4.32057958514976,-4.437335061241754,0.07289108847583066,-26.698649058870675,-23.371604811765874,3.3270442471048014,97.1368225794818,95.08438634024175,-2.052436239240052,0.021677415956927352
3150000000.0000005,-26.71085014089709,-23.63659502241208,3.0742551184850093,97.4631608275824,92.07032677369035,-5.392834053892045,0.020285347297759205,-0.5766106957893362,-0.5299276267157008,0.0466830690736354,3.04146002893713,-1.4686522920655454,-4.51011232100268,0.07401157062349634,-0.5766106957893362,-0.5299230455799985,0.04668765020933774,3.04146002893713,-1.4686127429658171,-4.510072771902941,0.07401097820282374,-26.75457195794192,-23.656973085958835,3.0975988719830845,92.6007370564606,90.48360766491409,-2.117129391546513,0.019793174913660155
3200000000.0,-26.813278433410062,-23.999572736832768,2.813705696577294,93.2451852809811,87.71154794559226,-5.533637335388846,0.018212274290522176,-0.5853458736093319,-0.5380488189805532,0.047297054628778645,-2.67747042215398,-7.261507611873625,-4.584037189719652,0.07514998223119333,-0.5853458736093319,-0.5380436524204388,0.047302221188893046,-2.67747042215398,-7.2614701325794035,-4.583999710425417,0.07514943118636049,-26.8785908468481,-24.024911803164688,2.8536790436834103,88.0781941073817,85.9900973653322,-2.0880967420495153,0.017725009481190553
3250000000.0,-26.983290634588457,-24.451877931442503,2.5314127031459535,89.1129707904642,83.4988340131656,-5.614136777298597,0.015969350831334696,-0.593985576105897,-0.5460525851554752,0.047932990950421805,-8.399003513249673,-13.05823176045306,-4.659228247203373,0.07630781439966632,-0.593985576105897,-0.5460468753904097,0.047938700715487226,-8.399003513249673,-13.058197482785198,-4.659193969535522,0.07630732266625884,-27.07412254911389,-24.483500010375604,2.5906225387382875,83.5866231015063,81.64061134548878,-1.9460117560175263,0.015489408794665448
3300000000.0000005,-27.224145492175435,-25.003711590958734,2.220433901216701,85.096036621088,79.48422978299581,-5.611806838092207,0.01357309828899705,-0.602533459938395,-0.5539774777667066,0.04855598217168844,-14.123265567355602,-18.85899127292722,-4.73572570557161,0.07748526293605548,-0.602533459938395,-0.5539713021657366,0.048562157772658376,-14.123265567355602,-18.858961086098976,-4.73569551874337,0.07748484400294103,-27.345846122981946,-25.04330419926058,2.3025419237213676,79.146537451269,77.4860349491001,-1.660502502168896,0.013106906904543582
3350000000.0,-27.540108502000614,-25.668340684344017,1.8717678176565968,81.2314989344165,75.74176094192875,-5.489737992487761,0.011042635358253242,-0.6109964017144089,-0.5618665333529135,0.049129868361495466,-19.850378532584,-24.663907233326576,-4.81352870074258,0.07868180341898906,-0.6109964017144089,-0.5618599926096066,0.049136409104802325,-19.850378532584,-24.6638817120027,-4.813503179418689,0.07868146530069216,-27.699995614657777,-25.718146909713102,1.9818487049446745,74.7833312728202,73.59930029299929,-1.1840309798209319,0.010604997280652825
3400000000.0000005,-27.93657355450204,-26.463032770323483,1.4735407841785566,77.5674779197658,72.38076479922991,-5.186713120535899,0.008401123134513279,-0.6193844237371046,-0.5697660880551585,0.04961833568194607,-25.580456002694,-30.47304939412239,-4.892593391428392,0.07989617631398314,-0.6193844237371046,-0.5697592928824642,0.049625130854640376,-25.580456002694,-30.47302877298309,-4.892572770289092,0.07989592130995288,-28.144782171801776,-26.52615833092497,1.618623840876804,70.5299395306985,70.0889536218069,-0.44098590889160505,0.008027038884660095
3450000000.0,-28.42017780886515,-27.41018806684336,1.0099897420217907,74.1681399962972,69.56956174736862,-4.598578248928561,0.005681691912260759,-0.627710502732594,-0.5777244057772478,0.04998609695534617,-31.3135992933832,-36.28643166625363,-4.972832372870414,0.08112639722154552,-0.627710502732594,-0.5777174647231643,0.04999303800942967,-31.3135992933832,-36.28641585758441,-4.972816564201196,0.08112622237100696,-28.691003212521885,-27.491115985214346,1.1998872273075385,66.4309896245254,67.12350900845063,0.6925193839252302,0.005467285872537041
3500000000.0,-28.998845353183633,-28.538288784919864,0.4605565682637689,71.1213480959645,67.57943601014311,-3.5419120858213944,0.002967612480257169,-0.6359902618353728,-0.5857901552901394,0.050200106545233325,-37.0498937250951,-42.1040092476186,-5.054115522523489,0.0823697932463504,-0.6359902618353728,-0.5857831655351893,0.050207096300183496,-37.0498937250951,-42.1039978902211,-5.054104165126006,0.08236969126061339,-29.352926477008133,-28.64376447869205,0.709161998316084,62.549604221556,64.97734789684947,2.4277436752934705,0.0032650565259213205
3550000000.0000005,-29.68159956431739,-29.88094281077105,-0.1993432464536582,68.5504888170833,66.86966361157876,-1.6808252055045614,0.001207861774791661,-0.6442415506251555,-0.5940107817402581,0.050230768884897414,-42.7894052647522,-47.9256776165364,-5.136272351784214,0.08362306543922952,-0.6442415506251555,-0.5940038236921716,0.050237726932983895,-42.7894052647522,-47.925670140736116,-5.136264875983926,0.08362302584886849,-30.14957745852837,-30.021481837243222,0.12809562128514784,58.9791128923011,64.12125298664559,5.142140094344484,0.002847007615771681
3600000000.0,-30.477755192357282,-31.46721514589416,-0.9894599535368762,66.6329108035617,68.25372649038094,1.6208156868192418,0.0033202759579259453,-0.6524839226429218,-0.6024308260740976,0.050053096568824174,-48.53217767454001,-53.75127356112652,-5.219095886586501,0.08488237619306173,-0.6524839226429218,-0.6024239615816449,0.05005996106127686,-48.53217767454001,-53.75126925550495,-5.2190915809649425,0.0848823864749366,-31.10659435736418,-31.659320925190606,-0.5527265678264257,55.8643163946077,65.40480088426969,9.540484489661992,0.0048025611707218675
3650000000.0000005,-31.394556458766868,-33.2779554834505,-1.88339902468363,65.6282623500476,73.19039640288862,7.5621340528410315,0.006141728153736456,-0.6607380243913616,-0.6110902523386496,0.04964777205271209,-54.2782303053981,-59.5805783468014,-5.30234804140332,0.0861434594201497,-0.6607380243913625,-0.6110835256638427,0.049654498727519814,-54.2782303053982,-59.58057641605829,-5.302346110660096,0.08614350594116174,-32.258750258306975,-33.54472220312348,-1.2859719448165023,53.4424319771736,70.3926793328489,16.950247355675288,0.007469883879192885
3700000000.0,-32.43107105698873,-35.091872313806455,-2.6608012568177273,65.9189911270716,83.96771392064358,18.048722793571983,0.00900938444134274,-0.669024914151536,-0.6200228471789334,0.049002066972602565,-60.02755665614059,-65.41332304453913,-5.385766388398537,0.08740175035991488,-0.669024914151536,-0.6200162875390918,0.049008626612444206,-60.02755665614059,-65.41332265274842,-5.38576599660783,0.0874018190591577,-33.65261444328865,-35.44546693488539,-1.79285249159674,52.1271068779487,81.62589117973165,29.498784301782962,0.010293636475745533
3750000000.0000005,-33.56357793001873,-36.18569620875468,-2.6221182787359467,68.054298725418,101.92832995586194,33.87403123044396,0.011848312681388022,-0.6773653328256755,-0.6292547576474848,0.04811057517819062,-65.7801237963565,-71.24919595495287,-5.4690721585963615,0.08865253100155979,-0.6773653328256755,-0.6292483821377732,0.04811695068790223,-65.7801237963565,-71.24919625318593,-5.469072456829423,0.08865260780984945,-35.34542339867769,-36.55410459767634,-1.2086811989986543,52.6914012299387,100.61343834655636,47.92203711661767,0.013136594174601184
3800000000.0000005,-34.714497575865956,-35.698171263669934,-0.9836736878039787,72.7411406187246,122.05219481522826,49.311054196503676,0.014621316245106129,-0.6857789522438097,-0.6388032323626451,0.04697571988116456,-71.5358727229252,-77.08785197158613,-5.551979248660928,0.08989108639874809,-0.6857789522438097,-0.63879704827955,0.04698190396425972,-71.5358727229252,-77.08785211239066,-5.551979389465458,0.08989115744890377,-37.37934612894198,-35.93457805518091,1.4447680737610753,56.67277008047041,121.48458251773187,64.81181243726147,0.01593882495949068
3850000000.0,-35.70407476869315,-34.00029779689211,1.7037769718010338,80.5934390900086,136.3994705105751,55.80603142056651,0.01729848508183994,-0.694283628763217,-0.648675626902024,0.04560800186119307,-77.2947196869026,-82.92892363560615,-5.634203948703544,0.09111286662631825,-0.694283628763217,-0.6486696328150097,0.045613995948207364,-77.2947196869026,-82.92892277919127,-5.634203092288658,0.09111291834090476,-39.63407303189149,-34.09400722690699,5.540065804984501,67.0754553794638,135.68817682334094,68.61272144387715,0.01866073493000171
3900000000.0000005,-36.239403589355945,-32.031930511337904,4.20747307801804,91.3579836409435,143.845480207214,52.487496566270494,0.019852487651344064,-0.7028946913748247,-0.6588687270818632,0.04402596429296157,-83.0565584908086,-88.77203354803333,-5.715475057224751,0.09231364879966705,-0.7028946913748247,-0.6588629123831742,0.04403177899165056,-83.0565584908086,-88.77203086610223,-5.715472375293643,0.09231366795481054,-41.30611409675335,-32.049532698765624,9.256581397987723,87.483336889895,142.66248048285107,55.17914359295605,0.02127012316484151
3950000000.0,-36.074583757103426,-30.224183464108073,5.850400292995353,103.100902667558,146.71334133197334,43.61243866441532,0.022257553310716296,-0.7116242937773009,-0.6693684336445709,0.04225586013272997,-88.8212637173035,-94.61680772960999,-5.795544012306493,0.09348969345141822,-0.7116242937773009,-0.6693627766678538,0.04226151710944703,-88.8212637173035,-94.61680241283571,-5.79553869553223,0.09348966731093578,-40.892959646832246,-30.209028261067715,10.68393138576453,112.776386637455,145.0725126969711,32.2961260595161,0.02373839893035367
4000000000.0,-35.25973551898921,-28.663739390695923,6.595996128293287,113.125021824856,146.8841213606868,33.759099535830785,0.024489311660649982,-0.7204808588967093,-0.6801498391906582,0.04033101970605113,-94.5886948105054,-100.46288945679404,-5.874194646288629,0.09463788963280682,-0.7204808588967093,-0.6801443043123058,0.04033655458440355,-94.5886948105054,-100.462880731193,-5.87418592068758,0.09463780623084178,-38.780311973267125,-28.63598712517431,10.144324848092815,130.071263933229,144.85472818545733,14.783464252228327,0.02603934259935169
4050000000.0,-34.08374439152004,-27.335646109244138,6.748098282275905,120.002058280715,145.44108161533097,25.439023334615968,0.026524886152772625,-0.7294686420813988,-0.6911777134952983,0.0382909285861005,-100.358700892493,-106.30995305916468,-5.951252166671679,0.09575588337107982,-0.7294686420813988,-0.6911722478696359,0.038296394211762896,-100.358700892493,-106.30994021517566,-5.951239322682653,0.09575573199594727,-36.43943448142118,-27.304482887179486,9.134951594241695,138.131938254412,143.07910459465128,4.947166340239278,0.028148725355146495
4100000000.0000005,-32.81328418201913,-26.20656907940314,6.606715102615993,123.84295615866502,142.9880062203212,19.145050061656207,0.02834306931807801,-0.7385874357133776,-0.7024073972992995,0.03618003841407813,-106.131126161705,-112.15771714139208,-6.026590979687086,0.0968421845483237,-0.7385874357133776,-0.7024019280052586,0.036185507708119014,-106.131126161705,-112.15769957776234,-6.026573416057346,0.09684195645267658,-34.39393742417002,-26.17643579291208,8.217501631257939,140.839935667412,140.33042669548448,-0.5095089719275165,0.030044256737516078
4150000000.0000005,-31.593652286882083,-25.24557445138249,6.348077835499595,125.34255370465398,139.8738911033449,14.531337398690937,0.02992451883939373,-0.7478324333362708,-0.7137860880444473,0.03404634529182349,-111.905815688766,-118.00595669357577,-6.100141004809757,0.09789624785092187,-0.7478324333362708,-0.7137805204200294,0.034051912916241434,-111.905815688766,-118.00593397641842,-6.100118287652435,0.09789593718712834,-32.68437906328933,-25.21882167092421,7.465557392365117,140.695314786773,136.9430311829029,-3.7522836038700973,0.0317056638401456
4200000000.0,-30.482571940054903,-24.427829481640014,6.054742458414889,125.171750847693,136.3108712585329,11.139120410839894,0.03125194986979801,-0.757194265759647,-0.725254484592689,0.03193978116695795,-117.682621400423,-123.85451357774953,-6.1718921773265265,0.0989185241517127,-0.7571942657596564,-0.725248702447502,0.03194556331215448,-117.682621400423,-123.85448551342245,-6.171864112999458,0.09891812910636148,-31.258100951463796,-24.40586435831026,6.852236593153535,138.947182411613,133.11858613908277,-5.828596272530234,0.03311482037019766
4250000000.0,-29.49519019080566,-23.734200302313482,5.760989888492176,123.82816232504298,132.4345269088395,8.606364583796505,0.032310313206836055,-0.766659215166961,-0.7367487425530268,0.029910472613934203,-123.46140802516702,-129.70330492401712,-6.2418968988500865,0.09991047949369933,-0.7666592151669706,-0.736742610803625,0.029916604363345534,-123.46140802516702,-129.70327164309774,-6.241863617930733,0.09991000357570609,-30.060640984879576,-23.718012206408446,6.342628778471131,136.233752845142,128.98503958146836,-7.248713263673636,0.034255888539267344
4300000000.000001,-28.629469281804177,-23.15012539419621,5.479343887607968,121.65427806329299,128.33570449523754,6.681426431944544,0.03308695575620985,-0.7762096062903007,-0.7482026780665001,0.028006928223800576,-129.242058765888,-135.55232903579488,-6.31027026990688,0.10087457973666687,-0.7762096062903007,-0.7481960482384664,0.028013558051834253,-129.242058765888,-135.5522910835478,-6.310232317659796,0.1008740331448133,-29.049560617710814,-23.140546542644913,5.909014075065901,132.904071490782,124.62734609874823,-8.276725392033768,0.035115456567710514
4350000000.000001,-27.87760899741121,-22.66458028505155,5.213028712359659,118.88294515808802,124.07808509371192,5.195139935623899,0.03357176378134578,-0.7858243665082818,-0.7595501463628952,0.026274220145386606,-135.024480466179,-141.40166848619694,-6.37718802001794,0.1018142398796501,-0.7858243665082818,-0.7595428653632397,0.02628150114504213,-135.024480466179,-141.40162691188837,-6.377146445709371,0.10181364082683454,-28.193545422693596,-22.662429334243676,5.53111608844992,129.162588812102,120.10428994466838,-9.05829886743362,0.03568266450357286
4400000000.0,-27.23071712601458,-22.26927876262713,4.9614383633874475,115.67437398930001,119.70836070600346,4.033986716703453,0.03375729241423641,-0.7954797395872619,-0.7707275124974806,0.02475222708978131,-140.808608048039,-147.25149018337768,-6.442882135338692,0.10273373807688607,-0.7954797395872619,-0.7707194350005337,0.024760304586728177,-140.808608048039,-147.25144661621772,-6.442838568178729,0.10273311387514085,-27.469639528548836,-22.27545283379964,5.194186694749195,125.136617666288,115.4581560742529,-9.678461592035092,0.035949316720459125
4450000000.0,-26.680575949775296,-21.958092135838786,4.72248381393651,112.141237992097,115.26242563164824,3.1211876395512377,0.033638887597646175,-0.8051501310310962,-0.781676125650581,0.02347400538051525,-146.59440801938004,-153.1020422880337,-6.507634268653646,0.10363809542647522,-0.8051501310310962,-0.7816671301854528,0.023483000845643476,-146.59440801938004,-153.10199898158604,-6.507590962205995,0.10363748304331354,-26.860926352111882,-21.97363889650381,4.887287455608071,120.90985421648402,110.72055778522962,-10.189296431254405,0.035909983220673604
4500000000.0,-26.22021873621197,-21.726639499727817,4.493579236484152,108.364897155437,110.76934926648512,2.4044521110481014,0.0332148096299163,-0.8148090569297566,-0.7923447053670329,0.02246435156272364,-152.381880879393,-158.95364797714302,-6.571767097750012,0.1045329237236328,-0.8148090569297566,-0.792334713526131,0.02247434340362553,-152.381880879393,-158.95360779959725,-6.571726920204242,0.10453236945422564,-26.3548728968239,-21.75282683084836,4.602046065975539,116.54012191294498,105.9161192229822,-10.624002689962765,0.035562094882870404
4550000000.000001,-25.844040329387653,-21.572007018503605,4.272033310884048,104.405843283203,106.2540923257621,1.8482490425591038,0.032486371585703104,-0.8244301630701013,-0.8026915481399206,0.0217386149301807,-158.171062287308,-164.80669616129043,-6.635633873982442,0.10542424454319921,-0.8244301630701013,-0.8026805452102921,0.021749617859809223,-158.171062287308,-164.80666250947507,-6.635600222167085,0.10542380245920902,-25.942194947449224,-21.61040241380601,4.331792533643213,112.069333122365,101.06492796079625,-11.00440516156874,0.03490604083977631
4600000000.000001,-25.547742951723347,-21.492565279783406,4.055177671939941,100.310530439662,101.73952270434654,1.4289922646845525,0.031458112423251576,-0.8339882771181757,-0.8126864657797048,0.021301811338470866,-163.962022904114,-170.66162937532022,-6.699606471206209,0.10631828423811132,-0.8339882771181757,-0.8126745198180075,0.021313757300168157,-163.962022904114,-170.66160599924387,-6.699583095129867,0.10631801322611956,-25.6160871131722,-21.545136223812907,4.070950889359292,107.529402794774,96.18427821157158,-11.34512458320242,0.03394528008933226
4650000000.0,-25.328241311497095,-21.487863857081702,3.8403774544153926,96.1159660089065,97.24808085494156,1.1321148460350514,0.030138036105023146,-0.8434604540809323,-0.8223123729647523,0.02114808111617994,-169.754866865638,-176.51892917070353,-6.764062305065522,0.10722125068982509,-0.8434604540809323,-0.8222996484849558,0.02116080559597644,-169.754866865638,-176.51891991296523,-6.764053047327224,0.10722121017913559,-25.371703146873408,-21.557112631047303,3.8145905158261044,102.945965713446,91.29002230941998,-11.655943404026004,0.03268648554375575
4700000000.0,-25.183577485464692,-21.55859014664674,3.6249873388179523,91.8529200951663,92.80334583855998,0.95042574339368,0.028537969627051307,-0.8528269741250096,-0.8315664501624814,0.0212605239625282,-175.549728897287,177.62090055956494,-6.829370543148116,0.10813909887915607,-0.8528269741250096,-0.8315532127794746,0.021273761345535047,-175.549728897287,177.6208920835494,-6.829379019163639,0.10813934370276188,-25.205810313898496,-21.647741916022056,3.55806839787644,98.3408713633701,86.39774670009149,-11.94312466327861,0.031139749489689703
4750000000.0,-25.11286597192932,-21.706585495547603,3.406280476381717,87.5482969425407,88.43172095667897,0.8834240141382566,0.026674135113976375,-0.8620722522420396,-0.8404608196375353,0.021611432604504377,178.653229866185,171.75735179913684,-6.895878067048159,0.10907729349014618,-0.8620722522420396,-0.8404474294409915,0.02162482280104816,178.653229866185,171.757322536237,-6.895907329947988,0.10907786859859492,-25.116569101777824,-21.819858457023006,3.2967106447548176,93.7340033697063,81.52394813814433,-12.210055231561967,0.02931889987091573
4800000000.000001,-25.116277902654545,-21.934915809876834,3.181362092777711,83.2270301153212,84.16447796626727,0.9374478509460573,0.024568117542281047,-0.8711856212135825,-0.8490226864185623,0.022162934795020184,172.853827240314,165.88993156322186,-6.963895677092125,0.11004057771906142,-0.8711856212135825,-0.849009580159643,0.022176041053939444,172.853827240314,165.88987932226482,-6.963947918049172,0.11004151356073627,-25.103408309997015,-22.0779195751183,3.0254887348787136,89.1447584119618,76.68739163334527,-12.457366778616517,0.02724201759407075
4850000000.000001,-25.195070285037215,-22.247995796911127,2.9470744881260877,78.9137659702856,80.04047575294948,1.1267097826638803,0.022248594553697352,-0.880161952809807,-0.8572939127425656,0.022868040067241413,167.051866364781,160.01818131620453,-7.033685048576473,0.11103275812713749,-0.8801619528098176,-0.8572815772644913,0.022880375545326292,167.051866364781,160.01810498869244,-7.033761376088563,0.11103406737567703,-25.166978529870686,-22.428334946272976,2.7386435835977103,84.5934189559521,71.91088823724412,-12.682530718707994,0.024932330125136102
4900000000.0,-25.35166702068095,-22.651763798551293,2.699903222129656,74.6345618828409,76.11002657779942,1.4754646949585322,0.019754610315422177,-0.8890020870687171,-0.8653300134472126,0.023672073621504475,161.247142881238,154.14169592829987,-7.105446952938138,0.11205651562530108,-0.8890020870687171,-0.8653189543378249,0.023683132730892176,161.247142881238,154.141595604734,-7.105547276504012,0.11205819163344513,-25.309176534904307,-22.879979328853356,2.429197206050951,80.1026200193354,67.2238646464149,-12.878755372920523,0.022419842825791625
4950000000.0,-25.589801598165632,-23.153892188425715,2.435909409739917,70.4188381432092,72.44067168791682,2.0218335447076186,0.017142153422847688,-0.8977130457217737,-0.8731985807215158,0.02451446500025789,155.439452665974,148.26014141912842,-7.179311246845572,0.11311325241467937,-0.8977130457217737,-0.8731892904576456,0.02452375526412809,155.439452665974,148.26001839767443,-7.179434268299559,0.1131152694149561,-25.533240703558256,-23.444978237126477,2.088262466431779,75.6991270235426,62.66637492782331,-13.032752095719275,0.019744499920062844
5000000000.0,-25.914736103048156,-23.76398165237944,2.1507544506687175,66.3018926850546,69.12614397744818,2.824251292393569,0.014498156319350575,-0.9063080131894516,-0.8809771691261157,0.025330844063335967,149.628599837137,142.373270733334,-7.255329103802978,0.1142029838434787,-0.9063080131894516,-0.8809700981167297,0.025337915072721984,149.628599837137,142.3731274360112,-7.255472401125786,0.11420529862429021,-25.843924143037015,-24.139918703183735,1.7040054398532796,71.4162139194873,58.29578491429863,-13.120429005188669,0.016962720594245292
5050000000.000001,-26.33357690671462,-24.493587336730126,1.8399895699844926,62.32844396184851,66.30070215898043,3.9722581971319073,0.011971323402895652,-0.9148060768606304,-0.8887506951673521,0.026055381693278368,143.814404734311,136.48093681961043,-7.333467914700577,0.11532428266171357,-0.9148060768606304,-0.8887462276210119,0.02605984923961857,143.814404734311,136.4807766416384,-7.333628092672598,0.11532683728764649,-26.247757582545713,-24.987745775851927,1.260011806693786,67.2970835350993,54.1986240674222,-13.098459467677117,0.014161847691447524
5100000000.000001,-26.85571214239478,-25.355657569834943,1.5000545725598364,58.5579734438214,64.1625405851224,5.604567141301004,0.009835490466825877,-0.9232317273485144,-0.8966084290971099,0.026623298251404526,137.996711556711,130.5831023435175,-7.413609213193496,0.11647428108319018,-0.9232317273485144,-0.8966068641452328,0.026624863203281612,137.996711556711,130.5829294627481,-7.413782093962908,0.11647700621534793,-26.753416169479088,-26.020791411588725,0.7326247578903633,63.400063793982,50.51303696283393,-12.887026831148063,0.011493711892509263
5150000000.0,-27.493392963571193,-26.36225785779379,1.1311351057774033,55.0732307134425,63.012123131641104,7.938892418198606,0.00856385977245899,-0.931614128799326,-0.9046406788999353,0.026973449899390767,132.175395346104,124.6798454577825,-7.495549888321506,0.11764873350317484,-0.931614128799326,-0.9046422163656593,0.0269719124336667,132.175395346104,124.67966462602422,-7.495730720079791,0.11765155196222096,-27.372195077480058,-27.285664877130866,0.08653020034919123,59.8068647058575,47.474650345014076,-12.332214360843409,0.00924910640370683
5200000000.0,-28.262446690104426,-27.51760826226863,0.7448384278357949,51.9944250438377,63.3122259808295,11.317800936991802,0.008670759570753469,-0.9399861787978658,-0.912935286323477,0.027050892474388855,126.35036801261501,118.77136118214133,-7.5790068304736735,0.1188421398167572,-0.9399861787978658,-0.9129400161388694,0.027046162658996398,126.35036801261501,118.77117751192363,-7.579190500691368,0.11884497016429435,-28.118553418784792,-28.850898808396366,-0.7323453896115737,56.6362365470674,45.51898998134142,-11.117246565725964,0.007955073942370725
5250000000.0,-29.182970567949518,-28.799041959695106,0.38392860825441133,49.5039510686166,65.7648433760058,16.260892307389213,0.01016840396346888,-0.9483833866125191,-0.9215740709389519,0.026809315673567147,120.52158312599802,112.85795810570657,-7.663625020291448,0.12004792623308401,-0.9483833866125191,-0.9215819654045377,0.026801421207981346,120.52158312599802,112.85777685821566,-7.663806267782377,0.12005068626953741,-29.010527913462816,-30.816238281263896,-1.8057103678010797,54.067414252738,45.534858168275896,-8.532556084462101,0.00817498698006269
5300000000.000001,-30.279363725777454,-30.111149917724838,0.16821380805261654,47.8911538255274,71.3274713939018,23.43631756837442,0.012573757255840992,-0.9568426070685897,-0.9306293691979733,0.026213237870616357,114.68903923185802,106.94005031357162,-7.748988918286386,0.12125867749970153,-0.9568426070685799,-0.9306402778518741,0.026202329216705844,114.68903923185802,106.93987668827901,-7.749162543579018,0.12126128765648304,-30.06930936349891,-33.30236490740319,-3.2330555439042783,52.3816313225947,49.554285366534586,-2.827345956060128,0.009834467078726797
5350000000.000001,-31.577383981065672,-31.206844146138742,0.3705398349269302,47.6353413967188,80.8414108078839,33.20606941116512,0.015438349080774577,-0.9654006748389664,-0.940160820079347,0.02523985475961943,108.852781500957,101.01814464837139,-7.834636852585618,0.12246641174337952,-0.9654006748389664,-0.9401744676192247,0.02522620721974167,108.852781500957,101.01798357308938,-7.834797927867612,0.12246879837351247,-31.315666150205615,-36.24373611097336,-4.928069960767743,52.036607916239994,62.50944478325959,10.472836867019595,0.012346254122756993
5400000000.0,-33.09030784703626,-31.676907570052137,1.4134002769841203,49.55587642707021,93.73772941108535,44.18185298401514,0.01849614472122451,-0.9740929899996549,-0.9502125462613984,0.023880443738256485,103.012901579003,95.09282363637405,-7.92007794262895,0.12366288688613651,-0.9740929899996549,-0.9502285345227214,0.0238644554769335,103.012901579003,95.09267955788754,-7.920222021115478,0.12366498543662896,-32.75589033478689,-38.178644455343616,-5.422754120556725,53.794322212431,91.41214134700674,37.61781913457574,0.015244707242430926
5450000000.0,-34.76893580086858,-31.251698547737014,3.5172372531315688,55.0286171199939,106.94820258902283,51.91958546902893,0.021595015858698167,-0.982952109945088,-0.960810869344253,0.022141240600835,97.169535572382,89.16472462440093,-8.00481094798107,0.12483992594354643,-0.982952109945088,-0.960828684582624,0.022123425362463922,97.169535572382,89.16460130341096,-8.004934268971056,0.12484168394275154,-34.33590711797144,-36.58681850307638,-2.250911385104942,58.8860881503405,122.37202896121558,63.48594081087509,0.01827658489107718
5500000000.0,-36.357686271652916,-30.135037890606814,6.222648381046103,65.9284619655794,117.11311894572313,51.18465698014373,0.02463865249260616,-0.9920064048772295,-0.9719626794871277,0.020043725390101796,91.322860179715,83.23451587528561,-8.08834430442937,0.12598974754209302,-0.9920064048772295,-0.9719817060844451,0.020024698792784346,91.322860179715,83.23441619367009,-8.088443986044922,0.12599112727940176,-35.82081342962186,-33.54809558729019,2.272717842331666,68.9073954740456,137.36299054942876,68.45559507538314,0.02130208442615741
5550000000.000001,-37.20266806311139,-28.743993049369845,8.458675013741544,82.7272268602105,123.27724106363117,40.55001420342069,0.027558332722106414,-1.001278833826733,-0.9836545545474698,0.017624279279263355,85.4730870568927,77.30287054226136,-8.170216514631335,0.12710528773638108,-1.001278833826733,-0.9836740957567931,0.017604738069940007,85.4730870568927,77.30279633426706,-8.170290722625623,0.1271062684695985,-36.64871230401934,-30.886970334644722,5.761741969374619,84.2347984741308,142.29473913985174,58.059940665720944,0.024233371943697898
5600000000.000001,-36.681272667355394,-27.356659618980473,9.324613048374921,100.726143944675,126.16825916909536,25.442115224420377,0.030300219541953218,-1.0107858954011735,-0.9958526925699889,0.0149332028311846,79.6204555809461,71.37043957517113,-8.250016005774967,0.12818049963481706,-1.0107858954011832,-0.9958719981329883,0.01491389726819492,79.6204555809461,71.37039149579543,-8.250064085150655,0.1281810791498694,-36.2659284425566,-28.761114262517395,7.5048141800392045,101.015774833248,142.72751693358137,41.71174210033337,0.027007675806413806
5650000000.0,-35.146596377157984,-26.087339486209938,9.059256890948046,113.7426889971,126.76906254635063,13.026373549250621,0.03281955867793939,-1.0205368021655983,-1.0085036859326808,0.012033116232917473,73.7652242519716,65.43782469383319,-8.32739955813841,0.12921061838957157,-1.020536802165608,-1.0085219855109326,0.012014816654675409,73.7652242519716,65.43780213666751,-8.327422115304103,0.12921081376450702,-34.90463392814721,-27.053927295027247,7.850706633119966,113.737134655027,140.9820374804528,27.244902825425783,0.029575775321157842
5700000000.0,-33.348983967024694,-24.966570117072926,8.382413849951767,120.815386161198,125.82668097920153,5.011294818003535,0.03507796188591261,-1.0305329198732112,-1.0215361276514916,0.008996792221719563,67.9076610386191,59.50555259046,-8.402108448159083,0.13019238066401773,-1.0305329198732014,-1.0215526682029195,0.008980251670281936,67.9076610386192,59.5055536635398,-8.402107375079396,0.13019222815293446,-33.22013180538689,-25.660813895753737,7.559317909633155,121.000127656248,138.05728130130467,17.057153645056673,0.03189688802398631
5750000000.0,-31.665378083133113,-23.99287965551465,7.672498427618464,123.72302365280099,123.83802194303006,0.11499829022906738,0.037042123942072916,-1.0407675029445398,-1.0348630024622976,0.005904500482242225,62.0480330277393,53.574051491593494,-8.4739815361458,0.1311241896302984,-1.0407675029445398,-1.0348770871532467,0.005890415791293124,62.0480330277393,53.57407305389787,-8.473959973841431,0.13112374367189736,-31.59672273666161,-24.509323770765803,7.087398965895808,124.17025050484001,134.4349905679052,10.264740063065176,0.033936314936887084
5800000000.000001,-30.191778845788086,-23.154982225032334,7.0367966207557515,124.05769032853802,121.12590827757569,-2.9317820509623402,0.03868322877098277,-1.051225746042195,-1.0483847795439707,0.0028409664982242955,56.186595779589105,47.643631122834215,-8.54296465675489,0.13200621873238055,-1.051225746042195,-1.048395805641667,0.002829940400528086,56.186595779589105,47.64366887716995,-8.54292690241914,0.13200555018408824,-30.15404104194606,-23.550332691962915,6.603708349983144,124.71555802755202,130.37251818904983,5.656960161497807,0.03566433668539771
5850000000.000001,-28.927227499548707,-22.440027796926362,6.487199702622345,122.80103807127901,117.90292262409243,-4.898115447186569,0.03997669066481274,-1.061885158816063,-1.0619930920681067,-0.00010793325204372373,50.32358281403229,41.71446698263195,-8.609115831400345,0.1328404497449847,-1.061885158816063,-1.0620005855534023,-0.00011542673733933029,50.32358281403229,41.71451561442986,-8.609067199602435,0.1328396435222833,-28.905573890670524,-22.74995605229924,6.155617838371285,123.604588933556,126.01932943810539,2.4147405045493997,0.03705569912458999
5900000000.0,-27.84767768064958,-21.836363771511174,6.011313909138405,120.525458549323,114.31285259767824,-6.212605951644775,0.04090205373798278,-1.0727162574970843,-1.0755748627385087,-0.002858605241424339,44.4591956589304,35.78658965394005,-8.672606004990342,0.1336306429506743,-1.0727162574970843,-1.0755785080414217,-0.002862250544337419,44.4591956589304,35.78664300155777,-8.67255265737262,0.13362979529193247,-27.834565477450013,-22.084304495020504,5.750260982429509,121.421127133493,121.46842368743246,0.04729655393947496,0.03808938025757295
5950000000.0,-26.92772772961674,-21.334273037336207,5.593454692280535,117.571887046504,110.45608686636906,-7.115800180134954,0.04144295818840153,-1.0836835536247218,-1.0890167151858805,-0.005333161561158706,38.59359487880289,29.859879675652806,-8.733715203150098,0.13438223946618502,-1.0836835536247218,-1.089016379275176,-0.0053328256504541205,38.59359487880289,29.859930917756486,-8.733663961046403,0.13438145502500976,-26.919244152792817,-21.536237652206502,5.3830065005863155,118.51903147474201,116.78120265953876,-1.737828815203244,0.03874848765150181
6000000000.0,-26.145839919641062,-20.92600954767598,5.219830371965081,114.151858630203,106.40515925029369,-7.746699379909302,0.041587125767129966,-1.094746807443612,-1.1022094990110194,-0.00746269156740742,32.7268924703375,23.934068271428277,-8.792824198909216,0.13510219783101007,-1.094746807443612,-1.1022052497922306,-0.007458442348618588,32.7268924703375,23.93411012162556,-8.792782348711938,0.13510158671454395,-26.13993994638357,-21.093341400059916,5.046598546323654,115.119915018747,112.00047352281875,-3.1194414959282426,0.03902021064306232
6050000000.000001,-25.48489928959905,-20.60562415223729,4.879275137361759,110.402524712098,102.21446471274979,-8.188059999348212,0.04132634070679648,-1.1058625019847628,-1.11505275146085,-0.009190249476087153,26.8591459628571,18.008744003089667,-8.850401959767424,0.13579876892334553,-1.1058625019847628,-1.1150448707080165,-0.009182368723253731,26.8591459628571,18.00876891069086,-8.850377052166237,0.13579844365769964,-25.480543995186167,-20.746645794359324,4.733898200826843,111.368106543407,107.15773468891845,-4.210371854488528,0.03889578989684685
6100000000.000001,-24.931626272816256,-20.36876041917757,4.562865853638687,106.416714626731,97.92653756815362,-8.490177058577387,0.04065641595427252,-1.1169854840715912,-1.1274589207300836,-0.01047343665849243,20.9903544986908,12.083365189436003,-8.906989309254783,0.13648121511776512,-1.1169854840715912,-1.1274479113560176,-0.010462427284426479,20.9903544986908,12.083365555865319,-8.906988942825478,0.13648128736599618,-24.9283475151538,-20.489801527279575,4.438545987874225,107.361391737743,102.2775391474031,-5.083852590339916,0.0383704876714019
6150000000.0,-24.47584064258079,-20.212482505711296,4.263358136869492,102.259945737649,93.57629465932007,-8.683651078328921,0.03957714246555272,-1.1280707108691725,-1.1393571840365335,-0.011286473167360977,15.120457093446202,6.1572777165466,-8.963179376899603,0.13715948139749806,-1.1280707108691725,-1.1392713743033263,-0.011200663434153713,15.120457093446202,6.1578852859721795,-8.962571807474035,0.1371508092947032,-24.473514646033415,-20.31872415588106,4.1547904901523545,103.168648224673,97.37915365100956,-5.789494573663433,0.03744196766403663
6200000000.0,-24.10983191944522,-20.135153796973157,3.9746781224720635,97.9804534236519,89.19408490874378,-8.786368514908133,0.03809222378850385,-1.139075035414471,-1.1506967070851328,-0.01162167167066186,9.24933319279045,0.22973766835455267,-9.019595524435886,0.13784382792505087,-1.139075035414471,-1.15060209668498,-0.011527061270508954,9.24933319279045,0.2303588165200338,-9.018974376270421,0.13783502517023877,-24.108560208180677,-20.23052147140945,3.8780387367712272,98.8403276242722,92.48323944625346,-6.357088178018728,0.03611716741520066
6250000000.0,-23.827876843934686,-20.136370346579152,3.691506497355533,93.6153711351043,84.808076601256,-8.807294533848278,0.03620920033631268,-1.1499589619908532,-1.1614492095066444,-0.011490247515791197,3.37680555398667,-5.700061970280808,-9.07686752426747,0.13854443538124853,-1.1499589619908532,-1.161345389994266,-0.01138642800341283,3.3768055539866304,-5.699439090880963,-9.076244644867586,0.13853568949710948,-23.827925652874388,-20.22448914875081,3.6034365041235787,94.4149388231019,87.60619391804163,-6.80874490506028,0.034401124785783894
6300000000.000001,-23.625888256864837,-20.216949627106825,3.408938629758012,89.194726844744,80.44635158382744,-8.74837526091656,0.03393936828446043,-1.1606883022913865,-1.171610722644873,-0.010922420353486562,-2.4973546093350105,-11.632961439788074,-9.13560683045307,0.1392709961824275,-1.1606883022913865,-1.1714976800237935,-0.010809377732406977,-2.4973546093350105,-11.632349407901652,-9.134994798566652,0.13926250303473564,-23.627662383165095,-20.30120399078652,3.3264583923785764,89.9232395514661,82.7665216904265,-7.156717861039596,0.03230488249405873
6350000000.000001,-23.501170435976213,-20.379097939951315,3.1220724960248987,84.7441811187709,76.14172535626113,-8.602455762509749,0.031294972257560255,-1.1712356659964183,-1.1810891679507174,-0.009853501954299126,-8.373420368622849,-17.56923118997067,-9.195810821347834,0.14002446295023632,-1.1712356659964183,-1.1810805969817861,-0.009844930985367872,-8.373420368622849,-17.569213720097363,-9.19579335147452,0.14002426051197836,-23.505209860222237,-20.462768192745994,3.0424416674762433,85.3910935174063,77.98508415844725,-7.406009358959068,0.029843454706305266
6400000000.0,-23.45225954905741,-20.62599510352201,2.8262644455354007,80.2870490571998,71.92347077949643,-8.363578277703368,0.02830022726444733,-1.1815817245374647,-1.1901502729608358,-0.00856854842337107,-14.2516999405289,-23.510859115099947,-9.259159174571039,0.1408286606513512,-1.1815817245374647,-1.1901408592293778,-0.008559134691913162,-14.2516999405289,-23.51084114179122,-9.25914120126231,0.14082845842880115,-23.459253861360956,-20.712936029423577,2.746317831937379,80.8415564704247,73.28695566639078,-7.5546008040339245,0.027035981093915223
6450000000.0,-23.478834108308728,-20.962793144401797,2.5160409639069314,75.8459497335169,67.83619658782352,-8.009753145693367,0.024974299746169694,-1.1917161942298629,-1.1987594394980443,-0.007043245268181453,-20.132525973622197,-29.45799257472521,-9.325466601103017,0.1416811181569102,-1.1917161942298642,-1.1987491671728483,-0.007032972942984106,-20.132525973622396,-29.457975479283746,-9.32544950566134,0.14168093764989428,-23.48965400641579,-21.057355245011102,2.432298761404688,76.2965473651764,68.70394533390268,-7.592602031273714,0.023906106666859998
6500000000.0,-23.58168629260601,-21.396277586558078,2.18540870604793,71.4443296818199,63.933908517727126,-7.510421164092776,0.02134269403866651,-1.2016384943877605,-1.207009213384367,-0.005370718996606572,-26.016243635104097,-35.41127866076802,-9.39503502566393,0.1425857148229811,-1.2016384943877505,-1.2069981129640097,-0.0053596185762592174,-26.0162436351041,-35.41126391720663,-9.395020282102536,0.14258557848442832,-23.597434852681346,-21.503950911501974,2.0934839411793718,71.7783575436143,64.27830455281195,-7.500052990802374,0.020482899312053906
6550000000.000001,-23.762750151444763,-21.9353270388521,1.8274231125926619,67.1080734819158,60.28911286313542,-6.81896061878038,0.017434268365432576,-1.2113580472062955,-1.2150109971439897,-0.003652949937694272,-31.903197924464504,-41.371239429221134,-9.468041504756627,0.1435441354432642,-1.2113580472062966,-1.2149991484646596,-0.003641101258363033,-31.903197924464592,-41.37122851163407,-9.468030587169494,0.1435440651892131,-23.784840337856238,-22.063495036175954,1.7213453016802838,67.3112130582152,60.0685189954709,-7.242694062744306,0.016803237396200075
6600000000.000001,-24.025186949847676,-22.591245617091804,1.4339413327558717,62.8674313631148,57.00317078628372,-5.864260576831072,0.01328115268428311,-1.2208941988001474,-1.222891161117246,-0.0019969623170985606,-37.7937206807839,-47.338247458030374,-9.54452677724646,0.1445557193034894,-1.2208941988001574,-1.2228786923959305,-0.001984493595773129,-37.7937206807839,-47.33824173819126,-9.544521057407366,0.14455573491286314,-24.055457057882702,-22.75041822147307,1.3050388364096328,62.92311957170371,56.158839033450406,-6.764280538253303,0.012919030527391344
6650000000.0,-24.373530945872854,-23.37797075919272,0.9955601866801338,58.7595654594835,54.22325573076449,-4.536309728719004,0.008918711419430944,-1.230275754486932,-1.2307864140266553,-0.0005106595397232905,-43.6881177747775,-53.31250661192036,-9.624388837142874,0.14561740538199291,-1.2302757544869332,-1.2307734965877466,-0.0004977421008134364,-43.6881177747777,-53.31250725731089,-9.62438948253319,0.14561752295657554,-24.414417969913913,-23.58390973699052,0.8305082329233926,58.6482911661356,52.67575222112718,-5.972538945008409,0.00892518975038433
6700000000.0,-24.813899346740243,-24.3116918125502,0.5022075341900418,54.832166383982,52.17095167012108,-2.6612147138609146,0.004386075484534038,-1.239540135822003,-1.2388385903225076,0.0007015454994954151,-49.5866569843703,-59.29403903422018,-9.707382049849883,0.14672378130100855,-1.239540135821992,-1.2388254292047187,0.0007147066172732419,-49.5866569843704,-59.29404691693754,-9.70738993256714,0.1467240119536088,-24.86870440477723,-24.589238361777106,0.2794660430001237,54.5306210725374,49.81789878430074,-4.712722288236648,0.00512288062126509
6750000000.0,-25.354263881349898,-25.408510017891018,-0.05424613654112065,51.1488723004099,51.19107472633731,0.04220242592742807,0.00033844298161258825,-1.2487321816083596,-1.247189046542946,0.0015431350654135922,-55.4895570424127,-65.28267918634357,-9.793122143930873,0.1478672384833197,-1.2487321816083694,-1.2471758677031772,0.0015563139051921748,-55.4895570424127,-65.28269481206624,-9.793137769653526,0.14786758739359837,-25.427568959752417,-25.798699069735527,-0.3711301099831097,50.6289567586287,47.91313005651582,-2.715826702112878,0.0033439781035433367
6800000000.000001,-26.00475668824442,-26.676203909181293,-0.6714472209368729,47.7977359684504,51.83232574572966,4.03458977727928,0.005039533977956977,-1.2579026296441311,-1.2559728884451757,0.0019297411989553925,-61.396978316329296,-71.27807549745408,-9.881097181124801,0.14903823026939544,-1.2579026296441311,-1.255959923670712,0.0019427059734191676,-61.396978316329296,-71.27809896128532,-9.881120644956013,0.14903869620094154,-26.10309797438049,-27.2494528451685,-1.1463548707880094,47.0255267493773,47.531780647652454,0.5062538982751619,0.006137278695732521
6850000000.000001,-26.777908026524187,-28.08940039146604,-1.3114923649418522,44.9049215638625,54.95783138454537,10.052909820682885,0.009833039007819256,-1.2671063297999914,-1.2653132721128504,0.0017930576871409976,-67.3090155316917,-77.27969987538783,-9.97068434369612,0.15022562394078384,-1.2671063297999914,-1.2653007429818013,0.001805586818190097,-67.3090155316917,-77.27973084833157,-9.970715316639883,0.15022619925725317,-26.910896723234643,-28.96709910971729,-2.0562023864826457,43.840009254377705,49.71097639712205,5.870967142744348,0.010361354379799266
6900000000.0,-27.688498890518392,-29.524968622077115,-1.8364697315587222,42.6574919169722,61.77287900616198,19.115387089189767,0.014622997842701154,-1.276400251557179,-1.2753160330734883,0.0010842184836907798,-73.2256928852599,-83.28686497658029,-10.061172091320373,0.15141713214773805,-1.276400251557179,-1.2753041353502559,0.0010961162069231811,-73.2256928852599,-83.28690272315127,-10.061209837891369,0.1514178033102707,-27.87073834743954,-30.892871419892604,-3.0221330724530624,41.2540078454537,56.319115780451796,15.065107934998082,0.014840655683248436
6950000000.0,-28.752108634344964,-30.6494626312997,-1.8973539969547346,41.34192263712849,73.23730699165935,31.895384354530847,0.019360609413476226,-1.2858413597658014,-1.2860648955032494,-0.000223535737448044,-79.1469618090759,-89.29874875499426,-10.15178694591836,0.15259980459686331,-1.2858413597658014,-1.2860537852299125,-0.00021242546411115448,-79.146961809076,-89.29879217955732,-10.15183037048132,0.1526005530788982,-29.006524452511155,-32.64379353399938,-3.637269081488224,39.5552256171702,69.9573437942379,30.402118177067706,0.019353718818660236
7000000000.0,-29.97975366402055,-30.94532946709187,-0.9655758030713208,41.4081739325367,88.10220852644949,46.69403459391279,0.023997191290977073,-1.2954844404914132,-1.297617497497604,-0.0021330570061908194,-85.0727015478775,-95.31442543090841,-10.241723883030915,0.1537605573880852,-1.2954844404914234,-1.2976072797903555,-0.0021228392989320888,-85.0727015478776,-95.31447314796922,-10.241771600091624,0.1537613609102462,-30.34324766716845,-33.24260385279614,-2.8993561856276884,39.218974288882805,90.3177223791004,51.09874809021761,0.02380771463559642
7050000000.000001,-31.361514228868387,-30.21040344803955,1.1511107808288372,43.56477570093911,102.05547055399653,58.49069485305742,0.02848429908352294,-1.305379963822043,-1.3100024378527868,-0.004622474030743895,-91.0027226006152,-101.33290166566012,-10.330179065044916,0.15488671534474774,-1.3053799638220418,-1.3099931590976142,-0.004613195275572357,-91.0027226006153,-101.33295208789328,-10.330229487277961,0.15488754931694917,-31.893149329874518,-32.13438052611071,-0.2412311962361926,41.05439135691591,109.28009304884559,68.22570169192969,0.02813856754347494
7100000000.000001,-32.82230634688148,-28.844413917022372,3.9778924298591107,48.8547204777382,111.72378628401384,62.86906580627564,0.032774332483417906,-1.3155720719311315,-1.3232175058741786,-0.007645433943047175,-96.9367729575631,-107.35315642553039,-10.416383467967307,0.1559665421771952,-1.3155720719311315,-1.3232091496847538,-0.007637077753622323,-96.9367729575631,-107.3532078626552,-10.416434905092103,0.155967381233624,-33.60652521736627,-30.19293503015822,3.4135901872080474,46.4121410451581,120.70391317328153,74.29177212812343,0.03229208856189697
7150000000.0,-34.12958295065005,-27.325810954035703,6.803771996614344,58.404752648803,116.98922881859038,58.584476169787365,0.03682121824164069,-1.326096778193855,-1.337229200700143,-0.011132422506287876,-102.874546942657,-113.374182791079,-10.499635848421974,0.1569897343265754,-1.326096778193855,-1.337221687712671,-0.01112490951881595,-102.874546942657,-113.37423355268336,-10.499686610026345,0.15699055384838687,-35.23209332233794,-28.242235127826916,6.989858194511022,57.1201941733489,125.82635133364124,68.70615716029235,0.03621917264814464
7200000000.0,-34.830251212217576,-25.895004460623703,8.935246751593873,72.083556710659,119.05670858239853,46.97315187173953,0.04058109922821906,-1.3369804565951813,-1.3519735840007128,-0.014993127405531492,-108.815696352317,-119.39502983666684,-10.579333484349831,0.15794785669661077,-1.3369804565951813,-1.3519667753441071,-0.014986318748925864,-108.815696352317,-119.39507833258624,-10.579381980269233,0.15794863423348926,-36.13268408562292,-26.534603754152624,9.598080331470296,73.6440231624699,127.1674863841282,53.52346322165829,0.03987453041462181
7250000000.000001,-34.5428730085585,-24.626579815396287,9.916293193162215,86.729630082196,119.01775022388411,32.288120141688125,0.04401299371986598,-1.348238690149473,-1.3673584439409936,-0.019119753791520644,-114.759843473463,-125.41484267985875,-10.654999206395757,0.15883470193518046,-1.3482386901494845,-1.3673521480417592,-0.0191134578922747,-114.759843473463,-125.41488751242598,-10.655044038962984,0.1588354184543554,-35.695392405590326,-25.09047428696718,10.604918118623146,91.4458945635822,126.32169001388517,34.875795450302974,0.04321652248880309
7300000000.000001,-33.443434127033406,-23.528554770604163,9.914879356429243,98.2245081149199,117.6031409240478,19.378632809127907,0.04707939684434794,-1.3598755329209196,-1.383266683600428,-0.023391150679508366,-120.706595470995,-131.43289888351924,-10.72630341252426,0.15964655913773546,-1.3598755329209196,-1.3832606658463298,-0.023385132925410224,-120.706595470995,-131.43293892680347,-10.72634345580849,0.1596472000455027,-34.24960364582076,-23.87744552879174,10.372158117029024,104.441853500847,124.16211734876038,19.720263847913373,0.04620736622307112
7350000000.000001,-32.02126873268485,-22.588384532557427,9.432884200127425,105.249123247747,115.27259913732954,10.023475889582528,0.04974680100449447,-1.371883223104919,-1.3995607880278385,-0.027677564922919506,-126.65555956428,-137.4486395769236,-10.7930800126436,0.1603823824451585,-1.371883223104919,-1.3995547826902066,-0.027671559585287664,-126.65555956428,-137.4486740390633,-10.793114474783295,0.16038293834253975,-32.53129149221314,-22.859127180298493,9.67216431191465,111.578637257593,121.1744989393255,9.595861681732515,0.04881344740195732
7400000000.0,-30.606459663119793,-21.789486806868656,8.816972856251137,108.646880822798,112.31721054834453,3.6703297255465372,0.05198611770786866,-1.384242365327054,-1.416088174501906,-0.031845809174852135,-132.606358367765,-143.461693929798,-10.855335562032991,0.16104385464012894,-1.384242365327054,-1.4160818982129166,-0.03183953288586272,-132.606358367765,-143.4617223957761,-10.855364028011081,0.16104432179206593,-30.920588855007733,-22.005281739651753,8.91530711535598,114.568131001349,117.64292689438271,3.074795893033695,0.05100562318156298
7450000000.0,-29.327472841544207,-21.11646895632886,8.211003885215348,109.570803074525,108.92665542849979,-0.6441476460252034,0.053772989958805556,-1.3969225798350693,-1.4326871930489424,-0.03576461321387314,-138.558644755606,-149.47189594287894,-10.913251187272948,0.16163534520718228,-1.3969225798350806,-1.432680359048564,-0.03575777921348333,-138.558644755606,-149.47191839662966,-10.913273641023665,0.16163572572444931,-29.518116392001343,-21.292542678871953,8.22557371312939,114.987679639472,113.74281125251976,-1.2448683869522483,0.052759463657466206
7500000000.000001,-28.214378972239103,-20.556454640352925,7.6579243318861785,108.870518232715,105.22904880478558,-3.6414694279294224,0.05508799190737937,-1.409883595693373,-1.4491935202171313,-0.039309924523758255,-144.512115625424,-155.47929288468868,-10.967177259264673,0.16216376618248615,-1.409883595693373,-1.4491858525699928,-0.0393022568766197,-144.512115625424,-155.47930971141975,-10.967194085995743,0.16216406793992225,-28.325557655002655,-20.70323035217571,7.622327302826946,113.82110506295,109.58816843619549,-4.232936626754508,0.0540554089465516
7550000000.000001,-27.262369158138142,-20.099150174054333,7.163218984083809,107.094760120479,101.3143273314205,-5.780432789058494,0.055916720245313814,-1.4230767455325926,-1.4654466787049325,-0.042369933172339946,-150.466523981201,-161.48414508195927,-11.017621100758276,0.16263833236573597,-1.4230767455325926,-1.4654379257760857,-0.04236118024349311,-150.466523981201,-161.48415705361688,-11.01763307241589,0.16263856870404486,-27.32025860914968,-20.224070134897833,7.096188474251846,111.646099583473,105.25678865132136,-6.389310932151659,0.05487883579697605
7600000000.000001,-26.457168350085688,-19.73656028328266,6.7206080668030275,104.592170754067,97.24827364267348,-7.343897111393517,0.05624978928764842,-1.4364468018831418,-1.4812964176800474,-0.044849615796905606,-156.421688827257,-167.48691713789546,-11.065228310638474,0.16307023508343108,-1.4364468018831418,-1.481286364376673,-0.04483956249353116,-156.421688827257,-167.4869253864188,-11.065236559161804,0.16307042436004454,-26.4776276729054,-19.845175473193763,6.632452199711636,108.808982765138,100.80433807667154,-8.004644688466442,0.05522003913661285
7650000000.0,-25.783781137698362,-19.462657340039183,6.32112379765918,101.589037081666,93.081227372659,-8.507809709007006,0.0560827482188829,-1.449934080501674,-1.496608701790429,-0.04667462128875499,-162.377502460182,-173.48826099105514,-11.110758530873142,0.16347224076592407,-1.449934080501674,-1.4965971804142995,-0.046663099912625405,-162.377502460182,-173.48826697482096,-11.110764514638959,0.16347240582485645,-25.77668182178947,-19.559309479702275,6.217372342087195,105.526444150272,96.2726953002591,-9.253748850012897,0.05507414195336047
7700000000.0,-25.229124712935782,-19.27309749671196,5.9560272162238235,98.23742427828441,88.8537503051446,-9.383673973139821,0.05541594416135635,-1.4634767250419476,-1.511271078733433,-0.047794353691485325,-168.333934857956,-179.48899152642076,-11.155056668464766,0.16385822728580354,-1.463476725041968,-1.5112579786634392,-0.04778125362147123,-168.333934857955,-179.48899699437516,-11.155062136420156,0.1638583948981513,-25.20075394664774,-19.36136995038339,5.839383996264349,101.940787717447,91.69517397049242,-10.245613746954575,0.05444095223014794
7750000000.000001,-24.78256592848831,-19.165005068788673,5.617560859699637,94.6437436217551,84.60053961655927,-10.043204005195832,0.05425435829868341,-1.4770130803502526,-1.5251972235909808,-0.04818414324072817,-174.291034989444,174.5099442965143,-11.199020714041694,0.16424267248009833,-1.4770130803502526,-1.5251825003113053,-0.04816941996105273,-174.291034989444,174.50993734119916,-11.199027669356838,0.164242872765392,-24.73697561988502,-19.2480429477529,5.488932672132119,98.1502890088484,87.10002983905952,-11.050259169788887,0.05332478856633878
7800000000.000001,-24.435797157419785,-19.136823459709717,5.298973697710068,90.8858640084579,80.35336096785448,-10.532503040603416,0.052607444325022124,-1.4904840587505739,-1.5383304909302207,-0.04784643217964679,179.751071003482,168.50750362670675,-11.243567376775246,0.1646401107126849,-1.4904840587505739,-1.5383141749880815,-0.04783011623750766,179.751071003482,168.5074929659594,-11.24357803752261,0.16464037648913354,-24.375577328781475,-19.21758400947681,5.157993319304666,94.2264985979753,82.51303830214424,-11.713460295831055,0.051734296699787484
7850000000.000001,-24.182551400600353,-19.188224966000536,4.994326434599817,87.0236795932227,76.14349879331021,-10.880180799912466,0.05048899957000888,-1.503835404871082,-1.5506463414154912,-0.046810936544409154,173.792184670714,162.50258788023189,-11.289596790482108,0.16506457481914721,-1.503835404871103,-1.5506285476034134,-0.0467931427323105,173.792184670714,162.50257113072348,-11.289613539990512,0.16506494076519362,-24.109280125459236,-19.269699865299913,4.839580260159323,90.2245809963286,77.95962739503314,-12.264953601295474,0.04968227757488406
7900000000.0,-24.018324056393325,-19.32007118922448,4.698252867168847,83.1059394938985,72.00408906748305,-11.101850426415467,0.047917100730618084,-1.5170197695946523,-1.5621535473781536,-0.04513377778350125,167.83204296314304,156.49408541550955,-11.337957547633494,0.16552904230747154,-1.5170197695946306,-1.5621344837369593,-0.045114714142328705,167.83204296314304,156.4940600998089,-11.337982863334133,0.1655295437711299,-23.932826899354644,-19.40551467899221,4.527312220362436,86.18985588999571,73.46691369562744,-12.722942194368272,0.047185544242700585
7950000000.0,-23.940150523224574,-19.534415694752767,4.405734828471807,79.17495196799221,67.97266000830123,-11.202291959690967,0.04491414139702235,-1.529998512195261,-1.5728941210461513,-0.04289560885089028,161.870328473009,150.48091517791048,-11.389413295098535,0.16604490613388548,-1.5299985121952404,-1.5728740962442873,-0.0428755840490469,161.870328473009,150.48087882925813,-11.38944964375088,0.16604557742732567,-23.842639855131146,-19.62761333807746,4.215026517053687,82.1622528579999,69.06595186365733,-13.096300994342585,0.04426482041695762
8000000000.0,-23.94644762860778,-19.834538007608316,4.111909620999462,75.2701295617876,64.09424115011834,-11.175888411669263,0.041507024382952215,-1.5427431611465512,-1.5829419498974318,-0.040198788750880565,155.906681795669,144.46206971267918,-11.444612082989806,0.1666214914746577,-1.5427431611465614,-1.5829213763759264,-0.040178215229365044,155.906681795669,144.46202002195446,-11.444661773714529,0.16662236356093907,-23.83657806842823,-19.940160374886375,3.8964176935418564,78.1796609098208,64.79455428083956,-13.385106628981248,0.04094468919365593
8050000000.000001,-24.036913042970028,-20.22498910298765,3.8119239399823783,71.4310049964894,60.425516557229315,-11.005488439260091,0.037727604195632584,-1.5552364779057286,-1.5924001660278073,-0.03716368812207871,149.940715524183,138.4366559265234,-11.504059597659591,0.16726564032893126,-1.5552364779057286,-1.5923795553301459,-0.03714307742441725,149.940715524183,138.4365909311039,-11.504124593079098,0.16726673795531513,-23.913769138284295,-20.3490957609593,3.5646733773249935,74.2807902950668,60.70117945654595,-13.579610838520836,0.037253598697464
8100000000.0,-24.21247154630261,-20.711605289240165,3.5008662570624445,67.70019125521,57.04071973247309,-10.659471522736908,0.033613584075590515,-1.567473083617989,-1.6013973205581278,-0.033924236940138686,143.97202932857,132.40393199944424,-11.568097329125749,0.16798138513981414,-1.5674730836179367,-1.601377266944633,-0.0339041833266962,143.97202932857,132.4038503001435,-11.5681790284265,0.1679827236819809,-24.07449005972746,-20.862404042144853,3.2120860175826067,70.507995828751,56.85067749150836,-13.657318337242657,0.033223937631471086
8150000000.0,-24.47525195334847,-21.301391831747843,3.173860121600626,64.1267218418007,54.040340361059876,-10.08638148074084,0.02921036097402335,-1.5794596255892521,-1.610082479626681,-0.030622854037428926,138.00022553259,126.36333891668633,-11.636886615903677,0.1687697305854843,-1.5794596255892521,-1.6100636288172958,-0.030604003228043686,138.00022553259,126.36323989330762,-11.636985639282386,0.16877131309533394,-24.32006944273858,-21.490428974984507,2.8296404677540714,66.9104597940531,53.33322736540537,-13.577232428647733,0.028892222085275334
8200000000.000001,-24.82856764395961,-22.00204831582142,2.8265193281381897,60.7702669174061,51.56427651445089,-9.205990402955194,0.024575138805029425,-1.5912144779850692,-1.618619404490308,-0.027404926505238736,132.024924583282,120.31452521497158,-11.71039936831042,0.16962855907505864,-1.5912144779851007,-1.6186024065295554,-0.02738792854445471,132.024924583281,120.31440919717073,-11.710515386110274,0.1696303742062146,-24.652771563085814,-22.24612780707606,2.4066437560097533,63.54816443733729,50.278814488785954,-13.269349948551337,0.024299530278734136
8250000000.0,-25.2768483438363,-22.820609236448597,2.4562391073877023,57.7068817124676,49.81173583113402,-7.895145881333576,0.019787302828421928,-1.6027669890061422,-1.6271800230271758,-0.024413034021033564,126.04577981240801,114.2573637258113,-11.788416086596726,0.17055267028656154,-1.6027669890061735,-1.6271654718210515,-0.024398482814877998,126.04577981240702,114.2572320696117,-11.788547742795316,0.17055469181905522,-25.075594703336304,-23.144931021385226,1.9306636819510778,60.49718478109631,47.88144041436405,-12.615744366732258,0.019492655174378513
8300000000.000001,-25.825413731792896,-23.7599972380414,2.0654164937514956,55.0372208621011,49.07025129471722,-5.966969567383899,0.01497921045613899,-1.6141563042253424,-1.6359374410619312,-0.021781136836588777,120.062490914453,108.19195935740511,-11.870531557047883,0.17153395853838718,-1.6141563042253526,-1.63592580758,-0.021769503354647446,120.062490914453,108.1918143843189,-11.87067653013409,0.1715361470614444,-25.59185636183681,-24.20321861703444,1.3886377448023701,57.856982193007596,46.4403540667875,-11.416628126220104,0.014527844491713227
8350000000.0,-26.47985317443119,-24.810854463482013,1.6689987109491788,52.898536533995305,49.75243478467654,-3.146101749318774,0.010447999141191202,-1.6254298123192852,-1.6450587764127702,-0.019628964093485024,114.074815612463,102.11864728635005,-11.956168326112959,0.17256172433491535,-1.6254298123192221,-1.6450503466292918,-0.019620534310069715,114.074815612462,102.11849206483036,-11.956323547631655,0.17256403124531364,-26.204315502855806,-25.432561486662703,0.7717540161931034,55.7604978846658,46.42924864180639,-9.331249242859428,0.009487149038271006
8400000000.0,-27.244500308951185,-25.9336167178689,1.310883591082284,51.4820967096152,52.42021486208708,0.9381181524718727,0.007116148456374879,-1.6366412745289238,-1.6546981230253484,-0.018056848496424527,108.082579049894,96.03798132515804,-12.04459772473595,0.17362310867645123,-1.636641274528892,-1.654692953596029,-0.018051679067137005,108.082579049894,96.03781931062574,-12.044759739268272,0.17362548207273817,-26.913340628551996,-26.82181434131727,0.09152628723472489,54.387635889317,48.599528675524766,-5.7881072137922445,0.004604709311848628
8450000000.000001,-28.118908551533938,-27.025210932319958,1.0936976192139802,51.057089652108004,57.713341340543096,6.656251688435077,0.007165611970451685,-1.647848712285791,-1.664989963718644,-0.017141251432853055,102.085680532469,89.9507126777974,-12.1349678546716,0.17470363135072245,-1.6478487122858143,-1.664987866535791,-0.017139154249976585,102.085680532468,89.9505472676372,-12.135133264830813,0.17470602282644704,-27.713189159286543,-28.288105287194686,-0.5749161279081427,53.9812309504445,54.059418792917846,0.07818784247334065,0.002635902529665845
8500000000.0,-29.090114791688293,-27.882074907754536,1.2080398839337576,51.9975985140685,65.9789087739807,13.98131025991222,0.010555453392447896,-1.6591121379523655,-1.6760433451084575,-0.016931207156092087,96.0840973464913,83.85775977165555,-12.226337574835753,0.1757878080773446,-1.6591121379524285,-1.676043905879459,-0.01693176792703044,96.0840973464911,83.85759385972125,-12.226503486769843,0.1757901790806767,-28.584795409492493,-29.575212947420127,-0.9904175379276339,54.859130161924796,63.97127980346139,9.112149641536604,0.0068761752437143525
8550000000.000001,-30.116938925220925,-28.23341186014778,1.883527065073146,54.7916773557447,76.49568951457069,21.704012158825975,0.015117015742123985,-1.6704912210287146,-1.6879371053223504,-0.017445884293635805,90.077885496401,77.76017033170406,-12.31771516469695,0.17685981660902342,-1.6704912210287342,-1.6879397328529386,-0.017448511824204482,90.0778854964008,77.76000594914765,-12.317879547253142,0.17686214312062098,-29.483087742149433,-30.196861806366964,-0.7137740642175316,57.400533243109,78.01960412346321,20.6190708803542,0.011829384575062774
8600000000.000002,-31.103403141355095,-27.928958130321924,3.1744450110331712,59.9619940088213,87.1452673810712,27.183273372249914,0.019947732303142444,-1.6820429859624562,-1.700716403610846,-0.018673417648389812,84.0671773303607,71.65907730772955,-12.408100022631174,0.17790417907648065,-1.6820429859625416,-1.7007203988224067,-0.018677412859865017,84.0671773303604,71.6589154106056,-12.408261919754807,0.1779064538585053,-30.31942145352028,-29.788403377809285,0.5310180757109961,61.952790841990904,92.64415845493869,30.691367612947772,0.016744495418819845
8650000000.0,-31.873418950559525,-27.094528794202052,4.778890156357473,67.7516577404069,95.7160034700001,27.96434572959322,0.024750171026198982,-1.6938196375040393,-1.7143907420441145,-0.020571104540075158,78.0521761537591,65.5556506421921,-12.496525511567,0.17890642719036565,-1.6938196375039862,-1.7143953720230578,-0.020575734519071576,78.0521761537587,65.55549106289752,-12.496685090861178,0.1789086595563892,-30.951919062294706,-28.592150073422594,2.359768988872112,68.5816217111874,103.70201295408287,35.120391242895494,0.021494174950668812
8700000000.000002,-32.20195066583682,-25.99980500624072,6.202145659596098,77.5354861931561,101.33949087862275,23.80400468546665,0.029385710897660882,-1.7058666051478495,-1.7289335960645023,-0.023066990916652763,72.0331480608167,59.45104714101723,-12.582100919799473,0.17985371835957376,-1.7058666051478812,-1.7289381597440923,-0.02307155459621102,72.03314806081652,59.450888680091026,-12.582259380725475,0.1798559319990688,-31.21818107700728,-27.11890443133441,4.0992766456728695,76.7079592752176,110.1769154567365,33.46895618151888,0.02600733128929105
8750000000.0,-31.957132128607814,-24.859080226410914,7.0980519021969,87.58187912959832,104.29558998268834,16.71371085309002,0.033766829062303896,-1.7182208895773674,-1.7442836874083965,-0.02606279783102905,66.010411337955,53.346360855077485,-12.664050482877514,0.1807353741519038,-1.7182208895772617,-1.744287564325291,-0.026066674748029373,66.0104113379553,53.346201468079805,-12.664209869875492,0.18073760379924197,-31.028531447102104,-25.682789783328303,5.345741663773801,85.0372678344213,113.07994233254911,28.04267449812781,0.03022718077128028
8800000000.0,-31.2239327776904,-23.78436573796936,7.439567039721041,95.9935469674814,105.21988351069008,9.226336543208674,0.03782780124412925,-1.7309097813960739,-1.7603478457505002,-0.029438064354426308,59.9843239027642,47.242576380100715,-12.741747522663502,0.18154331744432065,-1.7309097813961374,-1.7603505248482463,-0.029440743452108897,59.9843239027639,47.24241341434626,-12.74191048841763,0.1815456051040758,-30.438293622732402,-24.397068555260375,6.041225067472027,92.1658421811525,113.59086152890305,21.42501934775055,0.03410418804907747
8850000000.000002,-30.221473655722562,-22.820040940932635,7.401432714789927,101.86592460216,104.68987847146497,2.823953869304944,0.04151521513055761,-1.7439500062588384,-1.7770053208561565,-0.03305531459731803,53.95526933326699,41.14052733474716,-12.814741998519821,0.1822723906110277,-1.7439500062588809,-1.7770064101677492,-0.033056403908868326,53.9552693332673,41.14035778400954,-12.814911549257772,0.1822747817975328,-29.601747902107412,-23.283951574306563,6.317796327800849,97.3118473718446,112.54498846767733,15.233141095832707,0.03759458670343647
8900000000.0,-29.144271759964,-21.97767244614316,7.166599313820839,105.294400497461,103.13471624119066,-2.1596842562703387,0.044784508073925,-1.7573473314914176,-1.7941133313870348,-0.03676599989561713,47.9236421083961,35.04086199243621,-12.88278011595989,0.1829205436481048,-1.7573473314914176,-1.7941125508833173,-0.036765219391899695,47.9236421083961,35.04068275127799,-12.882959357118125,0.1829230838688404,-28.67204638037284,-22.335096123316355,6.336950257056486,100.40938300270801,110.47375476948501,10.064371766777015,0.04066018695942756
8950000000.000002,-28.105849844189006,-21.255282970422684,6.850566873766322,106.778564255093,100.85524411472987,-5.923320140363131,0.04759859432365412,-1.7710966483383523,-1.8115135749978617,-0.040416926659509356,41.889832718065804,28.944017646513252,-12.945815071552545,0.1834888877160283,-1.7710966483383523,-1.8115107347695467,-0.040414086431194374,41.889832718065804,28.94382575034276,-12.946006967723036,0.18349161935330352,-27.751748164009207,-21.534659301091786,6.2170888629174215,101.766731473496,107.71288427658425,5.946152803088239,0.04326849176495544
9000000000.0,-27.157487785421317,-20.646226339998496,6.5112614454228215,106.831466657999,98.06104936769727,-8.770417290301737,0.04992726216660828,-1.785182522113773,-1.8290393807083927,-0.04385685859461974,35.8542133075355,22.850204813546615,-13.004008493988891,0.18398161575727912,-1.785182522113773,-1.8290343464443364,-0.04385182433056345,35.8542133075355,22.849997644101038,-13.00421566343448,0.18398457558854164,-26.8955026955813,-20.866927396765487,6.028575298815813,101.77174179572,104.47991963332957,2.7081778376095826,0.04539283565047249
9050000000.0,-26.316736592751266,-20.142954744761422,6.173781847989844,105.859461347379,94.90052964493837,-10.958931702440623,0.05174684678974756,-1.799580180893021,-1.8465231604932595,-0.04694297960023852,29.8171244951502,16.759401862850286,-13.057722632299914,0.1844057972987267,-1.799580180893021,-1.8465158091715281,-0.04693562827850717,29.8171244951502,16.75917728657549,-13.057947208574717,0.1844090150601739,-26.127609670818792,-20.318471796673244,5.809137874145549,100.764854520332,100.92110298874636,0.15624846841436124,0.04701245680027241
9100000000.000002,-25.5856192763377,-19.738514079789237,5.847105196548462,104.159300333596,91.48173048192314,-12.677569851672843,0.053039985940188626,-1.8142568930481011,-1.8638038126230945,-0.04954691957499335,23.7788639462559,10.671360138434984,-13.107503807820905,0.18477105910383865,-1.8142568930481011,-1.8637939838188664,-0.04953709077076529,23.7788639462559,10.671116535840172,-13.107747410415726,0.1847745576171125,-25.456263112365352,-19.87848511612674,5.577777996238613,99.0115960433078,97.13895055212166,-1.872645491186148,0.048112483442237904
9150000000.0,-24.95985526915891,-19.427071061291272,5.532784207867639,101.943840033347,87.88621687353493,-14.057623159812067,0.05379538882925766,-1.8291736659119828,-1.8807337429371511,-0.051560077025168294,17.7396772020735,4.585619144512923,-13.154058057560576,0.18508916696887848,-1.8291736659118651,-1.8807211944891724,-0.05154752857730727,17.7396772020737,4.585355291020192,-13.1543219110535,0.18509296429543873,-24.881992534046265,-19.53857138131147,5.343421152734795,96.7110441784297,93.20873709418598,-3.502307084243739,0.04868384634430958
9200000000.000002,-24.43310876987634,-19.204043058039165,5.229065711837176,99.3672852113378,84.17835324341573,-15.188931967922088,0.054007602687838,-1.8442871829965022,-1.8971851992318125,-0.05289801623531032,11.699751154842,-1.4984690766373123,-13.198220231479297,0.18537352673040644,-1.8442871829964482,-1.8971695786249074,-0.0528823956284592,11.6997511548421,-1.4987542986745195,-13.198505453516617,0.1853776405349295,-24.40209343124262,-19.292422998394706,5.1096704328479134,94.0117748794932,89.18870973768568,-4.823065141807518,0.04872314341538382
9250000000.0,-23.998829132568197,-19.066076217705785,4.932752914862412,96.5441070667744,80.4117108694952,-16.132396197279206,0.0536767841027865,-1.8595518861257354,-1.9130556548235487,-0.05350376869781326,5.65921043507813,-7.581707617632465,-13.240918052710583,0.1856386246134938,-1.8595518861257354,-1.9129614791112812,-0.05340959298554582,5.65921043507813,-7.581638189733293,-13.240848624811434,0.18563842981549783,-24.01282279592988,-19.13537991107996,4.87744288484992,91.0262179488798,85.12841330587003,-5.897804643009778,0.04823385795112794
9300000000.0,-23.65098324501811,-19.011012614905148,4.639970630112963,93.5621871289376,76.63439930909419,-16.927787819843388,0.05280757726504873,-1.8749221019867612,-1.9281812040665547,-0.05325910207979345,-0.38188316068056394,-13.664958540892417,-13.28307538021184,0.18589937818374774,-1.8749221019866644,-1.9281727881022124,-0.05325068611554795,-0.381883160680066,-13.665000677233456,-13.283117516553375,0.18590003427071522,-23.710446801903835,-19.06471460127356,4.645732200630274,87.8416680987765,81.06652844573837,-6.7751396530381385,0.047221329560696836
9350000000.000002,-23.384288351662413,-19.037656717898038,4.346631633764375,90.4918195810219,72.89024382684582,-17.601575754176082,0.05141255535720539,-1.8903541101434362,-1.9427011793401097,-0.052347069196673424,-6.42352821676591,-19.749388898333258,-13.325860681567349,0.18617157375462698,-1.8903541101433823,-1.9426916355332997,-0.05233752538991743,-6.42352821676569,-19.749435258904782,-13.325907042139079,0.18617229749160547,-23.491719493008667,-19.07875968541373,4.4129598075949374,84.5283537394833,77.04484801205874,-7.483505727424557,0.04569899926519352
9400000000.0,-23.19422068208543,-19.14594389512811,4.04827678695732,87.391967418463,69.22573509494302,-18.166232323519978,0.04950667548032872,-1.9058080514695444,-1.9565223827413214,-0.05071433127177705,-12.4657783785479,-25.835905337026254,-13.370126958478352,0.18646844188395073,-1.9058080514695444,-1.9565115572123146,-0.05070350574277027,-12.4657783785479,-25.83595788209747,-13.370179503549565,0.1864692621120808,-23.35408430943854,-19.177187176323216,4.176897133115325,81.14537062083622,73.10441020082648,-8.040960420009753,0.04368485927340482
9450000000.000002,-23.07692010607218,-19.336690341404104,3.7402297646680758,84.3147523189999,65.69100240584716,-18.62374991315272,0.04711073984167098,-1.9212495820851083,-1.9696719011400186,-0.048422319054910234,-18.5087344628588,-31.925502432933406,-13.416767970074602,0.1868026931354271,-1.9212495820851083,-1.9696596989469488,-0.04841011686184049,-18.5087344628588,-31.925563571761298,-13.416829108902505,0.18680364443035283,-23.295741105160467,-19.360832969457643,3.9349081357028233,77.745206871375,69.29038272791553,-8.454824143459462,0.0412022419982855
9500000000.0,-23.029038380816576,-19.611529732362317,3.417508648454259,81.3088201312101,62.34408130982692,-18.96473882138318,0.04425041826247087,-1.9366511878967294,-1.9822088513757148,-0.04555766347898538,-24.552534424062,-38.01910852884921,-13.466574104787213,0.18718519902117722,-1.9366511878967294,-1.9821952666131917,-0.045544078716462266,-24.552534424062,-38.01918097939189,-13.466646555329902,0.18718631941466052,-23.315644930237784,-19.631615652231716,3.6840292780060686,74.3774254152297,65.6556300120018,-8.721795403227901,0.03828004377530118
9550000000.0,-23.047543202698478,-19.972730130962578,3.0748130717358997,78.4219837834858,59.25548984669908,-19.166493936786708,0.040956165004747774,-1.951993088414863,-1.9942214650884202,-0.042228376673557166,-30.5973417157302,-44.11754360509722,-13.52020188936703,0.1876245583593331,-1.951993088414841,-1.9942065869417878,-0.04221349852694667,-30.5973417157306,-44.117630196905,-13.52028848117439,0.18762588645212647,-23.4134620635683,-19.992423652487037,3.4210384110812626,71.0919391660026,62.26520361730228,-8.826735548700327,0.034953191625991975
9600000000.000002,-23.129471547856703,-20.422843068361047,2.706628479495656,75.703372963581,56.514179878332484,-19.18919308524852,0.03726313913458503,-1.9672636751818517,-2.0058229259622706,-0.038559250780418886,-36.6433326851831,-50.221482095270815,-13.578149410087718,0.18812676300775072,-1.9672636751818517,-2.0058069137452343,-0.0385432385633826,-36.6433326851831,-50.2215856232113,-13.578252938028186,0.18812833605431986,-23.589483533626616,-20.446894188010752,3.142589345615864,67.9422324086557,59.202374238948146,-8.73985816970756,0.031263584517400834
9650000000.0,-23.271614500236883,-20.964007873821156,2.3076066264157262,73.2051800769653,54.235432054621235,-18.969748022344078,0.03321114829022789,-1.9824594495018153,-2.0171461254243765,-0.03468667592256125,-42.6906837152524,-56.33142223253974,-13.640738517287332,0.18869497927430703,-1.9824594495018153,-2.0171291638026485,-0.03466971430083321,-42.6906837152524,-56.33154546092934,-13.640861745676943,0.18869683354854216,-23.844474973958487,-20.998932666693342,2.845542307265145,64.9888411527788,56.57701224940118,-8.411828903377625,0.02726208901104655
9700000000.000002,-23.470108582573218,-21.59657522052358,1.8735333620496384,70.9839522873016,52.57110243282792,-18.412849854473677,0.02884470304818125,-1.9975844457135619,-2.0283375457172204,-0.030753100003658496,-48.739558882017,-62.44766334199454,-13.708104459977534,0.189329457085967,-1.9975844457135619,-2.028319806864274,-0.03073536115071196,-48.739558882017,-62.447809170346254,-13.708250288329253,0.18933163045000384,-24.17941534880837,-21.651667053537764,2.527748295270605,62.30338831215631,54.53726562719101,-7.766122684965296,0.023013147556171582
9750000000.0,-23.71990621936139,-22.316431715729,1.403474503632392,69.1012093026096,51.72168990542552,-17.379519397184083,0.024213455882128358,-2.0126491495012413,-2.039550527827652,-0.026901378326410708,-54.7900989263934,-68.57029225239935,-13.780193326005957,0.19002757314342336,-2.0126491495012413,-2.0395321669872897,-0.026883017486048377,-54.7900989263934,-68.5704639365062,-13.780365010112803,0.19003010808412787,-24.595036464744197,-22.405224182938184,2.189812281806013,59.97344094371049,53.28517543536067,-6.688265508349815,0.018606649706749474
9800000000.0,-24.014105547578236,-23.109983303492246,0.9041222440859897,67.622939875857,51.94647265792782,-15.676467217929172,0.019373905814291614,-2.027668945146229,-2.0509382301185655,-0.02326928497233638,-60.842412339255205,-74.69917963761931,-13.856767298364105,0.19078400642314094,-2.0276689451463055,-2.05091942262836,-0.023250477482054333,-60.8424123392554,-74.6993809045093,-13.856968565253908,0.19078695121533937,-25.09100801102296,-23.252148044526276,1.8388599664966847,58.10833349969829,53.09478229959236,-5.013551200105923,0.014193051807880237
9850000000.000002,-24.343148809837384,-23.945428776122,0.3977200337153839,66.6172409024437,53.55912558755848,-13.058115314885214,0.014395744128658622,-2.04266215053756,-2.0626466192059576,-0.019984468668397426,-66.8965693322041,-80.83398661249048,-13.937417280286382,0.19159103501729458,-2.0426621505376246,-2.0626276232071747,-0.019965472669550177,-66.8965693322042,-80.8342215631564,-13.93765223095221,0.19159444168568218,-25.664504863892994,-24.168454778094866,1.496050085798128,56.845682043798,54.32364510645112,-2.5220369373468827,0.010105270941098612
9900000000.0,-24.69396800636316,-24.75998619894184,-0.06601819257867803,66.1490700945536,56.87738213629544,-9.271687958258156,0.00939059109066413,-2.0576477234408976,-2.074807847293505,-0.017160123852607345,-72.9525994077122,-86.97418135019268,-14.02158194248048,0.19243893370554546,-2.0576477234408976,-2.074789064067085,-0.01714134062618733,-72.9525994077122,-86.9744541669998,-14.021854759287606,0.19244285331523756,-26.307741138148423,-25.098094642980687,1.2096464951677355,56.357137491015195,57.387296685009304,1.030159193994109,0.007288410757473463
9950000000.000002,-25.049287815953623,-25.44868005805723,-0.3993922421036089,66.2709953315446,62.073682295359674,-4.197313036184937,0.004725729023388376,-2.0726427461636354,-2.087534356816552,-0.014891610652916665,-79.010493152456,-93.11906492472731,-14.108571772271318,0.1933164432369664,-2.0726427461636354,-2.0875163662891607,-0.014873620125525289,-79.010493152456,-93.11937949705352,-14.108886344597522,0.193320920348848,-27.00392015202803,-25.933037942653733,1.0708822093742967,56.8490585806725,62.6250400928128,5.775981512140305,0.007564284263061707
10000000000.0,-25.3874891948741,-25.874147542208057,-0.4866583473339574,67.0093984696719,68.9096474970716,1.9002490273996955,0.003405148236392778,-2.0876598173832015,-2.100914016725898,-0.013254199342696449,-85.0702087565433,-99.26780506417327,-14.197596307629965,0.19421127606713448,-2.0876598173832015,-2.1008975813500292,-0.013237763966827742,-85.0702087565433,-99.26816465577289,-14.197955899229612,0.1942163441717264,-27.72121746210808,-26.509097120508756,1.2121203415993236,58.547877752469404,69.97435384083701,11.426476088367622,0.010720293393881987
